"action_class","area_code","area","source_page","risk","status","control_ids","text"
"BUY_CANDIDATE","BAS","Bases","202","R3","CONFIRM_FIRST","","personales iguales, equipo compartido del área y stock de consumibles. Las cantidades son un objetivo operativo inicial y deberán ajustarse con el consumo real del taller. Kit individual recomendado · 4 kits iguales"
"BUY_CANDIDATE","BAS","Bases","202","R3","CONFIRM_FIRST","","y deberán ajustarse con el consumo real del taller. Kit individual recomendado · 4 kits iguales Categoría Elemento Por"
"BUY_CANDIDATE","BAS","Bases","202","R3","CONFIRM_FIRST","","Kit individual recomendado · 4 kits iguales Categoría Elemento Por x4 Uso / criterio"
"BUY_CANDIDATE","BAS","Bases","203","R3","FIELD_CHECK","","y el producto utilizados en la tarea. Equipo compartido del área · disponible para los 4 Equipo Cantidad objetivo Área Regla de disponibilidad"
"BUY_CANDIDATE","BAS","Bases","203","R3","FIELD_CHECK","","Equipo compartido del área · disponible para los 4 Equipo Cantidad objetivo Área Regla de disponibilidad Compresor y línea de aire"
"BUY_CANDIDATE","BAS","Bases","203","R3","FIELD_CHECK","","Equipo Cantidad objetivo Área Regla de disponibilidad Compresor y línea de aire 1 sistema central con"
"BUY_CANDIDATE","BAS","Bases","203","R1","FIELD_CHECK","","Mesa/banco de armado de bases 2 Bases Dos frentes de trabajo simultáneos. Gabinete para químicos"
"BUY_CANDIDATE","BAS","Bases","203","R1","FIELD_CHECK","","bases 2 Bases Dos frentes de trabajo simultáneos. Gabinete para químicos inflamables/solventes 1 Retoque Separar barnices, gasolina blanca y productos"
"BUY_CANDIDATE","BAS","Bases","203","R1","FIELD_CHECK","","Gabinete para químicos inflamables/solventes 1 Retoque Separar barnices, gasolina blanca y productos compatibles según HDS."
"BUY_CANDIDATE","BAS","Bases","204","R3","CONFIRM_FIRST","","Consumibles y stock mínimo recomendado Consumible Stock objetivo inicial Punto de reposición Nota"
"BUY_CANDIDATE","BAS","Bases","204","R3","CONFIRM_FIRST","","Consumible Stock objetivo inicial Punto de reposición Nota Grapas 4 cajas + 1 reserva Al quedar 1 caja"
"BUY_CANDIDATE","CUR","Curtiduría","75","R1","FIELD_CHECK","","ejemplos desde ~1,800-1,950 psi y operadores experimentados reportan equipos mayores. No comprar/operar por PSI solo. Registrar marca/modelo/placa y validar la presión"
"BUY_CANDIDATE","CUR","Curtiduría","75","R1","FIELD_CHECK","","experimentados reportan equipos mayores. No comprar/operar por PSI solo. Registrar marca/modelo/placa y validar la presión útil en piel real o material de prueba."
"BUY_CANDIDATE","CUR","Curtiduría","75","R1","FIELD_CHECK","","No comprar/operar por PSI solo. Registrar marca/modelo/placa y validar la presión útil en piel real o material de prueba. Boquilla Rotativa / turbo es la configuración más repetida en"
"BUY_CANDIDATE","GLOBAL","Global / Governance","26","R3","FIELD_CHECK","","consumos se medirán con el tiempo; mientras tanto, el sistema ya deja preparado dónde registrar el dato. QUÉ USAMOS > QUÉ HAY > QUÉ VIENE > QUÉ COMPRAR > RECIBIR"
"BUY_CANDIDATE","GLOBAL","Global / Governance","26","R3","FIELD_CHECK","","registrar el dato. QUÉ USAMOS > QUÉ HAY > QUÉ VIENE > QUÉ COMPRAR > RECIBIR Consumible Existencia Trabajo próximo Mínimo Comprar Pedido Recibido"
"BUY_CANDIDATE","GLOBAL","Global / Governance","26","R3","FIELD_CHECK","","QUÉ USAMOS > QUÉ HAY > QUÉ VIENE > QUÉ COMPRAR > RECIBIR Consumible Existencia Trabajo próximo Mínimo Comprar Pedido Recibido ________________ [ ] [ ]"
"BUY_CANDIDATE","GLOBAL","Global / Governance","26","R3","FIELD_CHECK","","Consumible Existencia Trabajo próximo Mínimo Comprar Pedido Recibido ________________ [ ] [ ] ________________ [ ] [ ]"
"BUY_CANDIDATE","RET","Retoque","180","R3","CONFIRM_FIRST","","personales iguales, equipo compartido del área y stock de consumibles. Las cantidades son un objetivo operativo inicial y deberán ajustarse con el consumo real del taller. Kit individual recomendado · 4 kits iguales"
"BUY_CANDIDATE","RET","Retoque","180","R3","CONFIRM_FIRST","","y deberán ajustarse con el consumo real del taller. Kit individual recomendado · 4 kits iguales Categoría Elemento Por"
"BUY_CANDIDATE","RET","Retoque","180","R3","CONFIRM_FIRST","","Kit individual recomendado · 4 kits iguales Categoría Elemento Por x4 Uso / criterio"
"INSTALL_OR_IMPROVE","BAS","Bases","187","R1","FIELD_CHECK","BAS-AREA-04","BAS-AREA-04 Ventilación y extracción La ventilación corresponde a la operación real. Cuando una HDS o el reconocimiento de exposición exige extracción localizada, el punto de generación queda capturado antes de liberar la estación."
"INSTALL_OR_IMPROVE","BAS","Bases","187","R1","FIELD_CHECK","BAS-AREA-05","La ventilación corresponde a la operación real. Cuando una HDS o el reconocimiento de exposición exige extracción localizada, el punto de generación queda capturado antes de liberar la estación. BAS-AREA-05 Emergencia"
"INSTALL_OR_IMPROVE","BAS","Bases","187","R1","FIELD_CHECK","BAS-AREA-05","exige extracción localizada, el punto de generación queda capturado antes de liberar la estación. BAS-AREA-05 Emergencia La cobertura contra incendio, señalización, rutas y medios de respuesta permanecen visibles, accesibles y"
"INSTALL_OR_IMPROVE","BLA","Blanqueado","240","R1","FIELD_CHECK","BLA-AREA-04","BLA-AREA-04 Ventilación y extracción La ventilación corresponde a la operación real. Cuando una HDS o el reconocimiento de exposición exige extracción localizada, el punto de generación queda capturado antes de liberar la estación."
"INSTALL_OR_IMPROVE","BLA","Blanqueado","240","R1","FIELD_CHECK","BLA-AREA-05","La ventilación corresponde a la operación real. Cuando una HDS o el reconocimiento de exposición exige extracción localizada, el punto de generación queda capturado antes de liberar la estación. BLA-AREA-05 Emergencia"
"INSTALL_OR_IMPROVE","BLA","Blanqueado","240","R1","FIELD_CHECK","BLA-AREA-05","exige extracción localizada, el punto de generación queda capturado antes de liberar la estación. BLA-AREA-05 Emergencia La cobertura contra incendio, señalización, rutas y medios de respuesta permanecen visibles, accesibles y"
"INSTALL_OR_IMPROVE","BOD","BOD","276","R1","FIELD_CHECK","BOD-AREA-04","BOD-AREA-04 Ventilación y extracción La ventilación corresponde a la operación real. Cuando una HDS o el reconocimiento de exposición exige extracción localizada, el punto de generación queda capturado antes de liberar la estación."
"INSTALL_OR_IMPROVE","BOD","BOD","276","R1","FIELD_CHECK","BOD-AREA-05","La ventilación corresponde a la operación real. Cuando una HDS o el reconocimiento de exposición exige extracción localizada, el punto de generación queda capturado antes de liberar la estación. BOD-AREA-05 Emergencia"
"INSTALL_OR_IMPROVE","BOD","BOD","276","R1","FIELD_CHECK","BOD-AREA-05","exige extracción localizada, el punto de generación queda capturado antes de liberar la estación. BOD-AREA-05 Emergencia La cobertura contra incendio, señalización, rutas y medios de respuesta permanecen visibles, accesibles y"
"INSTALL_OR_IMPROVE","CAR","Carpintería / Embalaje","212","R1","FIELD_CHECK","CAR-AREA-04","CAR-AREA-04 Ventilación y extracción La ventilación corresponde a la operación real. Cuando una HDS o el reconocimiento de exposición exige extracción localizada, el punto de generación queda capturado antes de liberar la estación."
"INSTALL_OR_IMPROVE","CAR","Carpintería / Embalaje","212","R1","FIELD_CHECK","CAR-AREA-05","La ventilación corresponde a la operación real. Cuando una HDS o el reconocimiento de exposición exige extracción localizada, el punto de generación queda capturado antes de liberar la estación. CAR-AREA-05 Emergencia"
"INSTALL_OR_IMPROVE","CAR","Carpintería / Embalaje","212","R1","FIELD_CHECK","CAR-AREA-05","exige extracción localizada, el punto de generación queda capturado antes de liberar la estación. CAR-AREA-05 Emergencia La cobertura contra incendio, señalización, rutas y medios de respuesta permanecen visibles, accesibles y"
"INSTALL_OR_IMPROVE","CAR","Carpintería / Embalaje","213","R1","FIELD_CHECK","CAR-AREA-08","CAR-AREA-08 Corte y polvo Banco, sierra/caladora y herramientas de corte permanecen estables y protegidos. El aserrín/polvo se captura o retira en origen y no migra a pintura/solventes."
"INSTALL_OR_IMPROVE","CAR","Carpintería / Embalaje","213","R1","FIELD_CHECK","CAR-AREA-09","Banco, sierra/caladora y herramientas de corte permanecen estables y protegidos. El aserrín/polvo se captura o retira en origen y no migra a pintura/solventes. CAR-AREA-09 Madera y herrajes"
"INSTALL_OR_IMPROVE","CAR","Carpintería / Embalaje","213","R1","FIELD_CHECK","CAR-AREA-09","captura o retira en origen y no migra a pintura/solventes. CAR-AREA-09 Madera y herrajes Triplay/madera se almacena estable, con piezas pesadas abajo; herrajes y consumibles quedan"
"INSTALL_OR_IMPROVE","CAR","Carpintería / Embalaje","214","R1","FIELD_CHECK","","• polvo/aserrín retirado o capturado • separación del retoque químico • ruta de carga libre"
"INSTALL_OR_IMPROVE","CAR","Carpintería / Embalaje","214","R1","FIELD_CHECK","","• separación del retoque químico • ruta de carga libre Evidence ID: __________ Fecha: __________ Responsable: __________"
"INSTALL_OR_IMPROVE","CAR","Carpintería / Embalaje","214","R3","FIELD_CHECK","","• ruta de carga libre Evidence ID: __________ Fecha: __________ Responsable: __________ ROCA TAXIDERMY / CARPINTERÍA, CORTE Y EMBALAJE / ÁREA DE TRABAJO"
"INSTALL_OR_IMPROVE","CAR","Carpintería / Embalaje","218","R2","FIELD_CHECK","TS-074","Evidencia: __________________ Hallazgo/acción: __________________ Resp.: ______ Fecha: ______ TS-074 Banco □ C □ NC □ NA □ NV Banco fijo de corte/armado estable, sin invadir pasillo."
"INSTALL_OR_IMPROVE","CAR","Carpintería / Embalaje","218","R2","FIELD_CHECK","TS-074","TS-074 Banco □ C □ NC □ NA □ NV Banco fijo de corte/armado estable, sin invadir pasillo. Evidencia: __________________ Hallazgo/acción: __________________ Resp.: ______ Fecha: ______"
"INSTALL_OR_IMPROVE","CAR","Carpintería / Embalaje","218","R2","FIELD_CHECK","TS-075","Banco fijo de corte/armado estable, sin invadir pasillo. Evidencia: __________________ Hallazgo/acción: __________________ Resp.: ______ Fecha: ______ TS-075 Rack-madera □ C □ NC □ NA □ NV"
"INSTALL_OR_IMPROVE","CAR","Carpintería / Embalaje","218","R2","FIELD_CHECK","TS-075","TS-075 Rack-madera □ C □ NC □ NA □ NV Madera/triplay en rack estable; paneles pesados abajo/asegurados; capacidad definida. Evidencia: __________________ Hallazgo/acción: __________________ Resp.: ______ Fecha: ______"
"INSTALL_OR_IMPROVE","CAR","Carpintería / Embalaje","218","R2","FIELD_CHECK","TS-076","Madera/triplay en rack estable; paneles pesados abajo/asegurados; capacidad definida. Evidencia: __________________ Hallazgo/acción: __________________ Resp.: ______ Fecha: ______ TS-076 Herrajes □ C □ NC □ NA □ NV"
"INSTALL_OR_IMPROVE","CAR","Carpintería / Embalaje","218","R1","FIELD_CHECK","TS-078","TS-078 Extraccion-polvo □ C □ NC □ NA □ NV Corte/lijado que genere polvo de madera cuenta con captura/extraccion local en el origen o control tecnico equivalente justificado. Evidencia: __________________ Hallazgo/acción: __________________ Resp.: ______ Fecha: ______"
"INSTALL_OR_IMPROVE","CAR","Carpintería / Embalaje","218","R1","FIELD_CHECK","TS-079","Corte/lijado que genere polvo de madera cuenta con captura/extraccion local en el origen o control tecnico equivalente justificado. Evidencia: __________________ Hallazgo/acción: __________________ Resp.: ______ Fecha: ______ TS-079 Residuos-polvo □ C □ NC □ NA □ NV"
"INSTALL_OR_IMPROVE","CAR","Carpintería / Embalaje","221","R2","FIELD_CHECK","","Madera / triplay Rack definido; material pesado abajo; recortes útiles separados de residuo. Herramienta Sierras, caladora, taladro y esmeril con guarda/estado verificado y método FUERA DE SERVICIO. Polvo / aserrín Captura en origen cuando la operación lo genere; limpieza sin dispersar polvo al área de Retoque."
"INSTALL_OR_IMPROVE","CAR","Carpintería / Embalaje","221","R1","FIELD_CHECK","","Herramienta Sierras, caladora, taladro y esmeril con guarda/estado verificado y método FUERA DE SERVICIO. Polvo / aserrín Captura en origen cuando la operación lo genere; limpieza sin dispersar polvo al área de Retoque. Electricidad Cables, extensiones y conexiones fuera de circulación y sin improvisación."
"INSTALL_OR_IMPROVE","CAR","Carpintería / Embalaje","221","R1","FIELD_CHECK","","Polvo / aserrín Captura en origen cuando la operación lo genere; limpieza sin dispersar polvo al área de Retoque. Electricidad Cables, extensiones y conexiones fuera de circulación y sin improvisación. Iluminación Medir en el plano de corte/trazo; conservar el nivel definido por la tarea real."
"INSTALL_OR_IMPROVE","COM","COM","295","R1","FIELD_CHECK","COM-AREA-04","COM-AREA-04 Ventilación y extracción La ventilación corresponde a la operación real. Cuando una HDS o el reconocimiento de exposición exige extracción localizada, el punto de generación queda capturado antes de liberar la estación."
"INSTALL_OR_IMPROVE","COM","COM","295","R1","FIELD_CHECK","COM-AREA-05","La ventilación corresponde a la operación real. Cuando una HDS o el reconocimiento de exposición exige extracción localizada, el punto de generación queda capturado antes de liberar la estación. COM-AREA-05 Emergencia"
"INSTALL_OR_IMPROVE","COM","COM","295","R1","FIELD_CHECK","COM-AREA-05","exige extracción localizada, el punto de generación queda capturado antes de liberar la estación. COM-AREA-05 Emergencia La cobertura contra incendio, señalización, rutas y medios de respuesta permanecen visibles, accesibles y"
"INSTALL_OR_IMPROVE","COM","COM","297","R1","FIELD_CHECK","","Las tomas se preparan para demostrar el estado del área; no son imágenes decorativas. TOMA 01 · EVIDENCIA FOTOGRÁFICA REQUERIDA Panorámica del comedor completo con mesa/asientos y separación física respecto a producción. No deben aparecer químicos,"
"INSTALL_OR_IMPROVE","COM","COM","297","R1","FIELD_CHECK","","TOMA 01 · EVIDENCIA FOTOGRÁFICA REQUERIDA Panorámica del comedor completo con mesa/asientos y separación física respecto a producción. No deben aparecer químicos, pieles, herramientas o residuos técnicos."
"INSTALL_OR_IMPROVE","COM","COM","297","R1","FIELD_CHECK","","Panorámica del comedor completo con mesa/asientos y separación física respecto a producción. No deben aparecer químicos, pieles, herramientas o residuos técnicos. Archivo / Evidence ID: ______________________________________ Fecha: __________"
"INSTALL_OR_IMPROVE","COM","COM","298","R1","FIELD_CHECK","COM-AREA-04","Evidencia: __________________ Hallazgo/acción: __________________ Resp.: ______ Fecha: ______ COM-AREA-04 Ventilación y extracción □ C □ NC □ NA □ NV La ventilación corresponde a la operación real. Cuando una HDS o el reconocimiento de exposición exige extracción localizada, el punto de"
"INSTALL_OR_IMPROVE","COM","COM","298","R1","FIELD_CHECK","COM-AREA-04","COM-AREA-04 Ventilación y extracción □ C □ NC □ NA □ NV La ventilación corresponde a la operación real. Cuando una HDS o el reconocimiento de exposición exige extracción localizada, el punto de generación queda capturado antes de liberar la estación."
"INSTALL_OR_IMPROVE","COM","COM","298","R1","FIELD_CHECK","","La ventilación corresponde a la operación real. Cuando una HDS o el reconocimiento de exposición exige extracción localizada, el punto de generación queda capturado antes de liberar la estación. Evidencia: __________________ Hallazgo/acción: __________________ Resp.: ______ Fecha: ______"
"INSTALL_OR_IMPROVE","CUR","Curtiduría","52","R1","FIELD_CHECK","CUR-AREA-04","CUR-AREA-04 Ventilación y extracción La ventilación corresponde a la operación real. Cuando una HDS o el reconocimiento de exposición exige extracción localizada, el punto de generación queda capturado antes de liberar la estación."
"INSTALL_OR_IMPROVE","CUR","Curtiduría","52","R1","FIELD_CHECK","CUR-AREA-05","La ventilación corresponde a la operación real. Cuando una HDS o el reconocimiento de exposición exige extracción localizada, el punto de generación queda capturado antes de liberar la estación. CUR-AREA-05 Emergencia"
"INSTALL_OR_IMPROVE","CUR","Curtiduría","52","R1","FIELD_CHECK","CUR-AREA-05","exige extracción localizada, el punto de generación queda capturado antes de liberar la estación. CUR-AREA-05 Emergencia La cobertura contra incendio, señalización, rutas y medios de respuesta permanecen visibles, accesibles y"
"INSTALL_OR_IMPROVE","CUR","Curtiduría","59","R1","FIELD_CHECK","TS-049","Evidencia: __________________ Hallazgo/acción: __________________ Resp.: ______ Fecha: ______ TS-049 Ventilacion-quimica □ C □ NC □ NA □ NV Picle/curtido/engrase tienen ventilacion compatible con productos; si reconocimiento/HDS indica vapor contaminante, instalar extraccion"
"INSTALL_OR_IMPROVE","CUR","Curtiduría","59","R1","FIELD_CHECK","TS-049","TS-049 Ventilacion-quimica □ C □ NC □ NA □ NV Picle/curtido/engrase tienen ventilacion compatible con productos; si reconocimiento/HDS indica vapor contaminante, instalar extraccion localizada."
"INSTALL_OR_IMPROVE","CUR","Curtiduría","59","R1","FIELD_CHECK","","Picle/curtido/engrase tienen ventilacion compatible con productos; si reconocimiento/HDS indica vapor contaminante, instalar extraccion localizada. Evidencia: __________________ Hallazgo/acción: __________________ Resp.: ______ Fecha: ______"
"INSTALL_OR_IMPROVE","ERP","ERP","265","R1","FIELD_CHECK","ERP-AREA-04","ERP-AREA-04 Ventilación y extracción La ventilación corresponde a la operación real. Cuando una HDS o el reconocimiento de exposición exige extracción localizada, el punto de generación queda capturado antes de liberar la estación."
"INSTALL_OR_IMPROVE","ERP","ERP","265","R1","FIELD_CHECK","ERP-AREA-05","La ventilación corresponde a la operación real. Cuando una HDS o el reconocimiento de exposición exige extracción localizada, el punto de generación queda capturado antes de liberar la estación. ERP-AREA-05 Emergencia"
"INSTALL_OR_IMPROVE","ERP","ERP","265","R1","FIELD_CHECK","ERP-AREA-05","exige extracción localizada, el punto de generación queda capturado antes de liberar la estación. ERP-AREA-05 Emergencia La cobertura contra incendio, señalización, rutas y medios de respuesta permanecen visibles, accesibles y"
"INSTALL_OR_IMPROVE","EXH","EXH","285","R1","FIELD_CHECK","EXH-AREA-04","EXH-AREA-04 Ventilación y extracción La ventilación corresponde a la operación real. Cuando una HDS o el reconocimiento de exposición exige extracción localizada, el punto de generación queda capturado antes de liberar la estación."
"INSTALL_OR_IMPROVE","EXH","EXH","285","R1","FIELD_CHECK","EXH-AREA-05","La ventilación corresponde a la operación real. Cuando una HDS o el reconocimiento de exposición exige extracción localizada, el punto de generación queda capturado antes de liberar la estación. EXH-AREA-05 Emergencia"
"INSTALL_OR_IMPROVE","EXH","EXH","285","R1","FIELD_CHECK","EXH-AREA-05","exige extracción localizada, el punto de generación queda capturado antes de liberar la estación. EXH-AREA-05 Emergencia La cobertura contra incendio, señalización, rutas y medios de respuesta permanecen visibles, accesibles y"
"INSTALL_OR_IMPROVE","EXT","EXT","255","R1","FIELD_CHECK","EXT-AREA-04","EXT-AREA-04 Ventilación y extracción La ventilación corresponde a la operación real. Cuando una HDS o el reconocimiento de exposición exige extracción localizada, el punto de generación queda capturado antes de liberar la estación."
"INSTALL_OR_IMPROVE","EXT","EXT","255","R1","FIELD_CHECK","EXT-AREA-05","La ventilación corresponde a la operación real. Cuando una HDS o el reconocimiento de exposición exige extracción localizada, el punto de generación queda capturado antes de liberar la estación. EXT-AREA-05 Emergencia"
"INSTALL_OR_IMPROVE","EXT","EXT","255","R1","FIELD_CHECK","EXT-AREA-05","exige extracción localizada, el punto de generación queda capturado antes de liberar la estación. EXT-AREA-05 Emergencia La cobertura contra incendio, señalización, rutas y medios de respuesta permanecen visibles, accesibles y"
"INSTALL_OR_IMPROVE","FMR","Formas, Moldes y Réplicas","90","R1","FIELD_CHECK","FMR-AREA-04","FMR-AREA-04 Ventilación y extracción La ventilación corresponde a la operación real. Cuando una HDS o el reconocimiento de exposición exige extracción localizada, el punto de generación queda capturado antes de liberar la estación."
"INSTALL_OR_IMPROVE","FMR","Formas, Moldes y Réplicas","90","R1","FIELD_CHECK","FMR-AREA-05","La ventilación corresponde a la operación real. Cuando una HDS o el reconocimiento de exposición exige extracción localizada, el punto de generación queda capturado antes de liberar la estación. FMR-AREA-05 Emergencia"
"INSTALL_OR_IMPROVE","FMR","Formas, Moldes y Réplicas","90","R1","FIELD_CHECK","FMR-AREA-05","exige extracción localizada, el punto de generación queda capturado antes de liberar la estación. FMR-AREA-05 Emergencia La cobertura contra incendio, señalización, rutas y medios de respuesta permanecen visibles, accesibles y"
"INSTALL_OR_IMPROVE","FMR","Formas, Moldes y Réplicas","96","R1","FIELD_CHECK","TS-087","Evidencia: __________________ Hallazgo/acción: __________________ Resp.: ______ Fecha: ______ TS-087 Extraccion-poliuretano □ C □ NC □ NA □ NV Punto de mezcla/vaciado preparado con ventilacion y extraccion local cuando HDS/reconocimiento indique vapor/aerosol peligroso; descarga"
"INSTALL_OR_IMPROVE","FMR","Formas, Moldes y Réplicas","96","R1","FIELD_CHECK","TS-087","TS-087 Extraccion-poliuretano □ C □ NC □ NA □ NV Punto de mezcla/vaciado preparado con ventilacion y extraccion local cuando HDS/reconocimiento indique vapor/aerosol peligroso; descarga fuera de zonas ocupadas."
"INSTALL_OR_IMPROVE","FMR","Formas, Moldes y Réplicas","96","R1","FIELD_CHECK","","Punto de mezcla/vaciado preparado con ventilacion y extraccion local cuando HDS/reconocimiento indique vapor/aerosol peligroso; descarga fuera de zonas ocupadas. Evidencia: __________________ Hallazgo/acción: __________________ Resp.: ______ Fecha: ______"
"INSTALL_OR_IMPROVE","FMR","Formas, Moldes y Réplicas","101","R3","FIELD_CHECK","","Construir la estructura antes de encerar el molde. Cortar el triplay con caladora. En formas de gran escala utilizar doble triplay de 18 mm y fijar los refuerzos antes del vaciado. Instalar varillas, herrajes e insertos de"
"INSTALL_OR_IMPROVE","FMR","Formas, Moldes y Réplicas","101","R3","FIELD_CHECK","","caladora. En formas de gran escala utilizar doble triplay de 18 mm y fijar los refuerzos antes del vaciado. Instalar varillas, herrajes e insertos de modo que la estructura quede rígida y centrada dentro del volumen."
"INSTALL_OR_IMPROVE","FMR","Formas, Moldes y Réplicas","101","R3","FIELD_CHECK","","los refuerzos antes del vaciado. Instalar varillas, herrajes e insertos de modo que la estructura quede rígida y centrada dentro del volumen. Cuando una varilla no alcance la longitud requerida, soldar la extensión"
"INSTALL_OR_IMPROVE","GLOBAL","Global / Governance","2","R3","FIELD_CHECK","","La condición fue verificada y no cumple el estándar definido. REGLA DE LIBERACION Este documento sirve para implementar y cerrar el taller. No declara cumplimiento legal ni cierre de campo mientras"
"INSTALL_OR_IMPROVE","GLOBAL","Global / Governance","2","R3","CONFIRM_FIRST","","REGLA DE LIBERACION Este documento sirve para implementar y cerrar el taller. No declara cumplimiento legal ni cierre de campo mientras existan pendientes críticos sin evidencia."
"INSTALL_OR_IMPROVE","GLOBAL","Global / Governance","2","R3","CONFIRM_FIRST","","Este documento sirve para implementar y cerrar el taller. No declara cumplimiento legal ni cierre de campo mientras existan pendientes críticos sin evidencia. ROCA TAXIDERMY · PRE-CAMPO / PENDIENTES ABIERTOS 2 / 367 ROCA TAXIDERMY · MASTER INTEGRAL · PRE-CAMPO / PENDIENTES ABIERTOS"
"INSTALL_OR_IMPROVE","GLOBAL","Global / Governance","10","R3","FIELD_CHECK","","DOCUMENTO reunir · validar titular/entidad/domicilio/actividad/vigencia · archivar medir · corregir infraestructura · ordenar · instalar · identificar"
"INSTALL_OR_IMPROVE","GLOBAL","Global / Governance","10","R2","FIELD_CHECK","","reunir · validar titular/entidad/domicilio/actividad/vigencia · archivar medir · corregir infraestructura · ordenar · instalar · identificar confirmar nombre/estación · capacitar · demostrar competencia · autorizar"
"INSTALL_OR_IMPROVE","GLOBAL","Global / Governance","10","R2","FIELD_CHECK","","medir · corregir infraestructura · ordenar · instalar · identificar confirmar nombre/estación · capacitar · demostrar competencia · autorizar EVIDENCIA"
"INSTALL_OR_IMPROVE","GLOBAL","Global / Governance","32","R2","FIELD_CHECK","","Circulación Pasillos y accesos sin piezas, cajas, cables ni herramientas. Delimitar producción, almacenamiento y"
"INSTALL_OR_IMPROVE","GLOBAL","Global / Governance","32","R2","FIELD_CHECK","","Pasillos y accesos sin piezas, cajas, cables ni herramientas. Delimitar producción, almacenamiento y circulación de forma visible."
"INSTALL_OR_IMPROVE","GLOBAL","Global / Governance","32","R2","FIELD_CHECK","","herramientas. Delimitar producción, almacenamiento y circulación de forma visible. Herramientas"
"INSTALL_OR_IMPROVE","MON","Montaje","133","R1","FIELD_CHECK","MON-AREA-04","MON-AREA-04 Ventilación y extracción La ventilación corresponde a la operación real. Cuando una HDS o el reconocimiento de exposición exige extracción localizada, el punto de generación queda capturado antes de liberar la estación."
"INSTALL_OR_IMPROVE","MON","Montaje","133","R1","FIELD_CHECK","MON-AREA-05","La ventilación corresponde a la operación real. Cuando una HDS o el reconocimiento de exposición exige extracción localizada, el punto de generación queda capturado antes de liberar la estación. MON-AREA-05 Emergencia"
"INSTALL_OR_IMPROVE","MON","Montaje","133","R1","FIELD_CHECK","MON-AREA-05","exige extracción localizada, el punto de generación queda capturado antes de liberar la estación. MON-AREA-05 Emergencia La cobertura contra incendio, señalización, rutas y medios de respuesta permanecen visibles, accesibles y"
"INSTALL_OR_IMPROVE","MON","Montaje","144","R1","FIELD_CHECK","TS-057","Evidencia: __________________ Hallazgo/acción: __________________ Resp.: ______ Fecha: ______ TS-057 Extraccion-montaje □ C □ NC □ NA □ NV Mezcla/uso que genere vapor/polvo se realiza en punto ventilado; instalar extraccion local cuando HDS/reconocimiento lo requiera."
"INSTALL_OR_IMPROVE","MON","Montaje","144","R1","FIELD_CHECK","TS-057","TS-057 Extraccion-montaje □ C □ NC □ NA □ NV Mezcla/uso que genere vapor/polvo se realiza en punto ventilado; instalar extraccion local cuando HDS/reconocimiento lo requiera. Evidencia: __________________ Hallazgo/acción: __________________ Resp.: ______ Fecha: ______"
"INSTALL_OR_IMPROVE","MON","Montaje","144","R1","FIELD_CHECK","TS-058","Mezcla/uso que genere vapor/polvo se realiza en punto ventilado; instalar extraccion local cuando HDS/reconocimiento lo requiera. Evidencia: __________________ Hallazgo/acción: __________________ Resp.: ______ Fecha: ______ TS-058 Iluminacion-general □ C □ NC □ NA □ NV"
"INSTALL_OR_IMPROVE","REC","Recepción","42","R1","FIELD_CHECK","REC-AREA-04","REC-AREA-04 Ventilación y extracción La ventilación corresponde a la operación real. Cuando una HDS o el reconocimiento de exposición exige extracción localizada, el punto de generación queda capturado antes de liberar la estación."
"INSTALL_OR_IMPROVE","REC","Recepción","42","R1","FIELD_CHECK","REC-AREA-05","La ventilación corresponde a la operación real. Cuando una HDS o el reconocimiento de exposición exige extracción localizada, el punto de generación queda capturado antes de liberar la estación. REC-AREA-05 Emergencia"
"INSTALL_OR_IMPROVE","REC","Recepción","42","R1","FIELD_CHECK","REC-AREA-05","exige extracción localizada, el punto de generación queda capturado antes de liberar la estación. REC-AREA-05 Emergencia La cobertura contra incendio, señalización, rutas y medios de respuesta permanecen visibles, accesibles y"
"INSTALL_OR_IMPROVE","RES","RES","322","R1","FIELD_CHECK","RES-AREA-04","RES-AREA-04 Ventilación y extracción La ventilación corresponde a la operación real. Cuando una HDS o el reconocimiento de exposición exige extracción localizada, el punto de generación queda capturado antes de liberar la estación."
"INSTALL_OR_IMPROVE","RES","RES","322","R1","FIELD_CHECK","RES-AREA-05","La ventilación corresponde a la operación real. Cuando una HDS o el reconocimiento de exposición exige extracción localizada, el punto de generación queda capturado antes de liberar la estación. RES-AREA-05 Emergencia"
"INSTALL_OR_IMPROVE","RES","RES","322","R1","FIELD_CHECK","RES-AREA-05","exige extracción localizada, el punto de generación queda capturado antes de liberar la estación. RES-AREA-05 Emergencia La cobertura contra incendio, señalización, rutas y medios de respuesta permanecen visibles, accesibles y"
"INSTALL_OR_IMPROVE","RES","RES","325","R1","FIELD_CHECK","RES-AREA-04","Evidencia: __________________ Hallazgo/acción: __________________ Resp.: ______ Fecha: ______ RES-AREA-04 Ventilación y extracción □ C □ NC □ NA □ NV La ventilación corresponde a la operación real. Cuando una HDS o el reconocimiento de exposición exige extracción localizada, el punto de"
"INSTALL_OR_IMPROVE","RES","RES","325","R1","FIELD_CHECK","RES-AREA-04","RES-AREA-04 Ventilación y extracción □ C □ NC □ NA □ NV La ventilación corresponde a la operación real. Cuando una HDS o el reconocimiento de exposición exige extracción localizada, el punto de generación queda capturado antes de liberar la estación."
"INSTALL_OR_IMPROVE","RES","RES","325","R1","FIELD_CHECK","","La ventilación corresponde a la operación real. Cuando una HDS o el reconocimiento de exposición exige extracción localizada, el punto de generación queda capturado antes de liberar la estación. Evidencia: __________________ Hallazgo/acción: __________________ Resp.: ______ Fecha: ______"
"INSTALL_OR_IMPROVE","RES","RES","334","R1","FIELD_CHECK","","tareas de detalle, no por percepción visual. En soldadura o corte Delimitar el área, retirar combustibles de la trayectoria"
"INSTALL_OR_IMPROVE","RES","RES","334","R1","FIELD_CHECK","","En soldadura o corte Delimitar el área, retirar combustibles de la trayectoria de chispas, sujetar la pieza y usar el EPP asignado en"
"INSTALL_OR_IMPROVE","RES","RES","334","R1","FIELD_CHECK","","Delimitar el área, retirar combustibles de la trayectoria de chispas, sujetar la pieza y usar el EPP asignado en la matriz tarea-riesgo-EPP. Si falta un elemento"
"INSTALL_OR_IMPROVE","RES","RES","337","R3","FIELD_CHECK","","Indicar qué proceso/etapa/requisito intenta demostrar. Una foto sin objetivo no cierra un requisito. 03 · Delimitar lo que prueba"
"INSTALL_OR_IMPROVE","RES","RES","337","R3","FIELD_CHECK","","sin objetivo no cierra un requisito. 03 · Delimitar lo que prueba Escribir qué condición es visible y qué no. Una foto contextual"
"INSTALL_OR_IMPROVE","RES","RES","337","R2","FIELD_CHECK","","03 · Delimitar lo que prueba Escribir qué condición es visible y qué no. Una foto contextual no sustituye una medición, una placa legible ni una prueba"
"INSTALL_OR_IMPROVE","RES","RES","338","R2","FIELD_CHECK","","Razón social/ocupante, domicilio, superficie/uso, aforo, responsables, planos, rutas, inventario de riesgos, equipo de emergencia, mantenimiento, instalaciones y seguros/dictámenes que correspondan. 3. Implementar antes de presentar"
"INSTALL_OR_IMPROVE","RES","RES","338","R1","FIELD_CHECK","","instalaciones y seguros/dictámenes que correspondan. 3. Implementar antes de presentar Extintores y señalización; rutas; tableros accesibles; brigadas; botiquín/primeros auxilios; capacitación; simulacro; directorios; procedimiento de"
"INSTALL_OR_IMPROVE","RES","RES","338","R1","FIELD_CHECK","","3. Implementar antes de presentar Extintores y señalización; rutas; tableros accesibles; brigadas; botiquín/primeros auxilios; capacitación; simulacro; directorios; procedimiento de emergencia; continuidad y recuperación."
"INSTALL_OR_IMPROVE","RET","Retoque","163","R1","FIELD_CHECK","RET-AREA-04","RET-AREA-04 Ventilación y extracción La ventilación corresponde a la operación real. Cuando una HDS o el reconocimiento de exposición exige extracción localizada, el punto de generación queda capturado antes de liberar la estación."
"INSTALL_OR_IMPROVE","RET","Retoque","163","R1","FIELD_CHECK","RET-AREA-05","La ventilación corresponde a la operación real. Cuando una HDS o el reconocimiento de exposición exige extracción localizada, el punto de generación queda capturado antes de liberar la estación. RET-AREA-05 Emergencia"
"INSTALL_OR_IMPROVE","RET","Retoque","163","R1","FIELD_CHECK","RET-AREA-05","exige extracción localizada, el punto de generación queda capturado antes de liberar la estación. RET-AREA-05 Emergencia La cobertura contra incendio, señalización, rutas y medios de respuesta permanecen visibles, accesibles y"
"INSTALL_OR_IMPROVE","RET","Retoque","169","R1","FIELD_CHECK","TS-063","Evidencia: __________________ Hallazgo/acción: __________________ Resp.: ______ Fecha: ______ TS-063 Extraccion-retoque □ C □ NC □ NA □ NV Pintura/aerografo/solvente tienen extraccion localizada cuando HDS/reconocimiento indique vapor/aerosol; aire extraido no contamina otras"
"INSTALL_OR_IMPROVE","RET","Retoque","169","R1","FIELD_CHECK","TS-063","TS-063 Extraccion-retoque □ C □ NC □ NA □ NV Pintura/aerografo/solvente tienen extraccion localizada cuando HDS/reconocimiento indique vapor/aerosol; aire extraido no contamina otras Evidencia: __________________ Hallazgo/acción: __________________ Resp.: ______ Fecha: ______"
"INSTALL_OR_IMPROVE","RET","Retoque","169","R1","FIELD_CHECK","TS-064","Pintura/aerografo/solvente tienen extraccion localizada cuando HDS/reconocimiento indique vapor/aerosol; aire extraido no contamina otras Evidencia: __________________ Hallazgo/acción: __________________ Resp.: ______ Fecha: ______ TS-064 Residuos-solvente □ C □ NC □ NA □ NV"
"INSTALL_OR_IMPROVE","RUT","RUT","313","R1","FIELD_CHECK","RUT-AREA-04","RUT-AREA-04 Ventilación y extracción La ventilación corresponde a la operación real. Cuando una HDS o el reconocimiento de exposición exige extracción localizada, el punto de generación queda capturado antes de liberar la estación."
"INSTALL_OR_IMPROVE","RUT","RUT","313","R1","FIELD_CHECK","RUT-AREA-05","La ventilación corresponde a la operación real. Cuando una HDS o el reconocimiento de exposición exige extracción localizada, el punto de generación queda capturado antes de liberar la estación. RUT-AREA-05 Emergencia"
"INSTALL_OR_IMPROVE","RUT","RUT","313","R1","FIELD_CHECK","RUT-AREA-05","exige extracción localizada, el punto de generación queda capturado antes de liberar la estación. RUT-AREA-05 Emergencia La cobertura contra incendio, señalización, rutas y medios de respuesta permanecen visibles, accesibles y"
"INSTALL_OR_IMPROVE","RUT","RUT","316","R1","FIELD_CHECK","RUT-AREA-04","Evidencia: __________________ Hallazgo/acción: __________________ Resp.: ______ Fecha: ______ RUT-AREA-04 Ventilación y extracción □ C □ NC □ NA □ NV La ventilación corresponde a la operación real. Cuando una HDS o el reconocimiento de exposición exige extracción localizada, el punto de"
"INSTALL_OR_IMPROVE","RUT","RUT","316","R1","FIELD_CHECK","RUT-AREA-04","RUT-AREA-04 Ventilación y extracción □ C □ NC □ NA □ NV La ventilación corresponde a la operación real. Cuando una HDS o el reconocimiento de exposición exige extracción localizada, el punto de generación queda capturado antes de liberar la estación."
"INSTALL_OR_IMPROVE","RUT","RUT","316","R1","FIELD_CHECK","","La ventilación corresponde a la operación real. Cuando una HDS o el reconocimiento de exposición exige extracción localizada, el punto de generación queda capturado antes de liberar la estación. Evidencia: __________________ Hallazgo/acción: __________________ Resp.: ______ Fecha: ______"
"INSTALL_OR_IMPROVE","SAN","SAN","304","R1","FIELD_CHECK","SAN-AREA-04","SAN-AREA-04 Ventilación y extracción La ventilación corresponde a la operación real. Cuando una HDS o el reconocimiento de exposición exige extracción localizada, el punto de generación queda capturado antes de liberar la estación."
"INSTALL_OR_IMPROVE","SAN","SAN","304","R1","FIELD_CHECK","SAN-AREA-05","La ventilación corresponde a la operación real. Cuando una HDS o el reconocimiento de exposición exige extracción localizada, el punto de generación queda capturado antes de liberar la estación. SAN-AREA-05 Emergencia"
"INSTALL_OR_IMPROVE","SAN","SAN","304","R1","FIELD_CHECK","SAN-AREA-05","exige extracción localizada, el punto de generación queda capturado antes de liberar la estación. SAN-AREA-05 Emergencia La cobertura contra incendio, señalización, rutas y medios de respuesta permanecen visibles, accesibles y"
"INSTALL_OR_IMPROVE","SAN","SAN","307","R1","FIELD_CHECK","SAN-AREA-04","Evidencia: __________________ Hallazgo/acción: __________________ Resp.: ______ Fecha: ______ SAN-AREA-04 Ventilación y extracción □ C □ NC □ NA □ NV La ventilación corresponde a la operación real. Cuando una HDS o el reconocimiento de exposición exige extracción localizada, el punto de"
"INSTALL_OR_IMPROVE","SAN","SAN","307","R1","FIELD_CHECK","SAN-AREA-04","SAN-AREA-04 Ventilación y extracción □ C □ NC □ NA □ NV La ventilación corresponde a la operación real. Cuando una HDS o el reconocimiento de exposición exige extracción localizada, el punto de generación queda capturado antes de liberar la estación."
"INSTALL_OR_IMPROVE","SAN","SAN","307","R1","FIELD_CHECK","","La ventilación corresponde a la operación real. Cuando una HDS o el reconocimiento de exposición exige extracción localizada, el punto de generación queda capturado antes de liberar la estación. Evidencia: __________________ Hallazgo/acción: __________________ Resp.: ______ Fecha: ______"
"INSTALL_OR_IMPROVE","SOL","Soldadura / Adaptación","226","R1","FIELD_CHECK","SOL-AREA-04","SOL-AREA-04 Ventilación y extracción La ventilación corresponde a la operación real. Cuando una HDS o el reconocimiento de exposición exige extracción localizada, el punto de generación queda capturado antes de liberar la estación."
"INSTALL_OR_IMPROVE","SOL","Soldadura / Adaptación","226","R1","FIELD_CHECK","SOL-AREA-05","La ventilación corresponde a la operación real. Cuando una HDS o el reconocimiento de exposición exige extracción localizada, el punto de generación queda capturado antes de liberar la estación. SOL-AREA-05 Emergencia"
"INSTALL_OR_IMPROVE","SOL","Soldadura / Adaptación","226","R1","FIELD_CHECK","SOL-AREA-05","exige extracción localizada, el punto de generación queda capturado antes de liberar la estación. SOL-AREA-05 Emergencia La cobertura contra incendio, señalización, rutas y medios de respuesta permanecen visibles, accesibles y"
"INSTALL_OR_IMPROVE","SOL","Soldadura / Adaptación","232","R1","FIELD_CHECK","TS-106","Evidencia: __________________ Hallazgo/acción: __________________ Resp.: ______ Fecha: ______ TS-106 Ventilacion □ C □ NC □ NA □ NV Ventilacion natural/artificial funciona antes y durante soldadura/corte; extraccion local se agrega cuando humos/recubrimientos lo requieran."
"INSTALL_OR_IMPROVE","SOL","Soldadura / Adaptación","232","R1","FIELD_CHECK","TS-106","TS-106 Ventilacion □ C □ NC □ NA □ NV Ventilacion natural/artificial funciona antes y durante soldadura/corte; extraccion local se agrega cuando humos/recubrimientos lo requieran. Evidencia: __________________ Hallazgo/acción: __________________ Resp.: ______ Fecha: ______"
"INSTALL_OR_IMPROVE","SOL","Soldadura / Adaptación","232","R1","FIELD_CHECK","TS-107","Ventilacion natural/artificial funciona antes y durante soldadura/corte; extraccion local se agrega cuando humos/recubrimientos lo requieran. Evidencia: __________________ Hallazgo/acción: __________________ Resp.: ______ Fecha: ______ TS-107 EPP-soldadura □ C □ NC □ NA □ NV"
"MEASURE_VERIFY","BAS","Bases","206","R2","FIELD_CHECK","","Mantenimiento, limpieza y resguardo Cada equipo debe conservar identificación técnica, revisión antes/después de uso, mantenimiento preventivo, criterio de retiro de servicio, responsable y evidencia. La frecuencia preventiva se fija con el manual del fabricante, la placa del equipo y el historial real de uso del"
"MEASURE_VERIFY","BAS","Bases","206","R2","FIELD_CHECK","","Cada equipo debe conservar identificación técnica, revisión antes/después de uso, mantenimiento preventivo, criterio de retiro de servicio, responsable y evidencia. La frecuencia preventiva se fija con el manual del fabricante, la placa del equipo y el historial real de uso del Equipo Identificación"
"MEASURE_VERIFY","BAS","Bases","206","R3","FIELD_CHECK","","responsable y evidencia. La frecuencia preventiva se fija con el manual del fabricante, la placa del equipo y el historial real de uso del Equipo Identificación Después / antes"
"MEASURE_VERIFY","BLA","Blanqueado","250","R2","FIELD_CHECK","","Mantenimiento, limpieza y resguardo Cada equipo debe conservar identificación técnica, revisión antes/después de uso, mantenimiento preventivo, criterio de retiro de servicio, responsable y evidencia. La frecuencia preventiva se fija con el manual del fabricante, la placa del equipo y el historial real de uso del"
"MEASURE_VERIFY","BLA","Blanqueado","250","R2","FIELD_CHECK","","Cada equipo debe conservar identificación técnica, revisión antes/después de uso, mantenimiento preventivo, criterio de retiro de servicio, responsable y evidencia. La frecuencia preventiva se fija con el manual del fabricante, la placa del equipo y el historial real de uso del Equipo Identificación"
"MEASURE_VERIFY","BLA","Blanqueado","250","R3","FIELD_CHECK","","responsable y evidencia. La frecuencia preventiva se fija con el manual del fabricante, la placa del equipo y el historial real de uso del Equipo Identificación Después / antes"
"MEASURE_VERIFY","CAR","Carpintería / Embalaje","221","R1","FIELD_CHECK","","Polvo / aserrín Captura en origen cuando la operación lo genere; limpieza sin dispersar polvo al área de Retoque. Electricidad Cables, extensiones y conexiones fuera de circulación y sin improvisación. Iluminación Medir en el plano de corte/trazo; conservar el nivel definido por la tarea real."
"MEASURE_VERIFY","CAR","Carpintería / Embalaje","221","R1","FIELD_CHECK","","Electricidad Cables, extensiones y conexiones fuera de circulación y sin improvisación. Iluminación Medir en el plano de corte/trazo; conservar el nivel definido por la tarea real. Incendio Cobertura de extintor y rutas calculadas para el riesgo real; material combustible sin bloquear circulación."
"MEASURE_VERIFY","CAR","Carpintería / Embalaje","221","R1","FIELD_CHECK","","Iluminación Medir en el plano de corte/trazo; conservar el nivel definido por la tarea real. Incendio Cobertura de extintor y rutas calculadas para el riesgo real; material combustible sin bloquear circulación. Embalaje Cartón, madera, fijaciones y material de protección con zona y capacidad definidas."
"MEASURE_VERIFY","CUR","Curtiduría","53","R1","FIELD_CHECK","CUR-AREA-09","CUR-AREA-09 Maquinaria crítica Tambores, rebajadora y pateadora conservan protección, condición mecánica y método de fuera de servicio. Báscula y medición de pH tienen estado conocido."
"MEASURE_VERIFY","CUR","Curtiduría","53","R1","FIELD_CHECK","","Tambores, rebajadora y pateadora conservan protección, condición mecánica y método de fuera de servicio. Báscula y medición de pH tienen estado conocido. EVIDENCIA PARA CIERRE"
"MEASURE_VERIFY","CUR","Curtiduría","53","R1","FIELD_CHECK","","servicio. Báscula y medición de pH tienen estado conocido. EVIDENCIA PARA CIERRE Una condición se declara conforme sólo cuando puede observarse, medirse o comprobarse con un registro vigente. La"
"MEASURE_VERIFY","CUR","Curtiduría","60","R1","FIELD_CHECK","TS-051","RESULTADO: C = Conforme NC = No conforme NA = No aplica (justificar) NV = No verificado TS-051 Instrumentos □ C □ NC □ NA □ NV Bascula/pH/medicion tienen identidad, estado y verificacion/calibracion segun criticidad."
"MEASURE_VERIFY","CUR","Curtiduría","60","R1","FIELD_CHECK","TS-051","TS-051 Instrumentos □ C □ NC □ NA □ NV Bascula/pH/medicion tienen identidad, estado y verificacion/calibracion segun criticidad. Evidencia: __________________ Hallazgo/acción: __________________ Resp.: ______ Fecha: ______"
"MEASURE_VERIFY","CUR","Curtiduría","60","R1","FIELD_CHECK","TS-052","Bascula/pH/medicion tienen identidad, estado y verificacion/calibracion segun criticidad. Evidencia: __________________ Hallazgo/acción: __________________ Resp.: ______ Fecha: ______ TS-052 Agua-residuos □ C □ NC □ NA □ NV"
"MEASURE_VERIFY","CUR","Curtiduría","63","R1","FIELD_CHECK","","ALUM-Tan Peso real de carga -> cálculo Capturar el peso real y usar la hoja de cálculo; no aproximar. Salinidad ALUM-Tan 2.2-2.3 Mantener dentro de la banda de la hoja. pH · inicio día 2 3.6-3.8 Verificar antes de completar neutralización."
"MEASURE_VERIFY","CUR","Curtiduría","63","R1","FIELD_CHECK","","Salinidad ALUM-Tan 2.2-2.3 Mantener dentro de la banda de la hoja. pH · inicio día 2 3.6-3.8 Verificar antes de completar neutralización. Alumbre · día 1 segunda adición a 1 h 30 min Aplicar la segunda adición calculada después de 90 min."
"MEASURE_VERIFY","CUR","Curtiduría","63","R1","FIELD_CHECK","","pH · inicio día 2 3.6-3.8 Verificar antes de completar neutralización. Alumbre · día 1 segunda adición a 1 h 30 min Aplicar la segunda adición calculada después de 90 min. Bicarbonato · día 2 dosis calculada / 5 · una parte por hora Usar bicarbonato conforme a ALUM-Tan hasta pH 4.2-4.3."
"MEASURE_VERIFY","CUR","Curtiduría","63","R1","FIELD_CHECK","","Alumbre · día 1 segunda adición a 1 h 30 min Aplicar la segunda adición calculada después de 90 min. Bicarbonato · día 2 dosis calculada / 5 · una parte por hora Usar bicarbonato conforme a ALUM-Tan hasta pH 4.2-4.3. Escurrido 12 h calor · 14-16 h invierno/lluvia No pasar a aserrín con la piel empapada."
"MEASURE_VERIFY","CUR","Curtiduría","63","R1","FIELD_CHECK","","Bicarbonato · día 2 dosis calculada / 5 · una parte por hora Usar bicarbonato conforme a ALUM-Tan hasta pH 4.2-4.3. Escurrido 12 h calor · 14-16 h invierno/lluvia No pasar a aserrín con la piel empapada. Tamboreo / sacudido 4 h / 15 min Tamborear con aserrín 4 h y sacudir 15 min antes del engrase."
"MEASURE_VERIFY","CUR","Curtiduría","63","R1","FIELD_CHECK","","08 Neutralización / repiclado adiciones calculadas + pH"
"MEASURE_VERIFY","CUR","Curtiduría","63","R1","FIELD_CHECK","","repiclado adiciones calculadas + pH Escurrido + secado"
"MEASURE_VERIFY","CUR","Curtiduría","63","R1","FIELD_CHECK","","adiciones calculadas + pH Escurrido + secado la humedad real manda"
"MEASURE_VERIFY","CUR","Curtiduría","67","R1","FIELD_CHECK","","La hoja ALUM-Tan convierte el peso real de la carga en cantidades de agua, sal, alumbre y bicarbonato. La hoja controlada gobierna el cálculo: el operario captura el peso real, conserva las fórmulas y no sustituye productos ni valores por memoria. Las dos referencias de pH se mantienen diferenciadas y nunca se usan como valores intercambiables."
"MEASURE_VERIFY","CUR","Curtiduría","67","R1","FIELD_CHECK","","controlada gobierna el cálculo: el operario captura el peso real, conserva las fórmulas y no sustituye productos ni valores por memoria. Las dos referencias de pH se mantienen diferenciadas y nunca se usan como valores intercambiables. Dato Fórmula registrada Uso operativo"
"MEASURE_VERIFY","CUR","Curtiduría","67","R1","FIELD_CHECK","","por memoria. Las dos referencias de pH se mantienen diferenciadas y nunca se usan como valores intercambiables. Dato Fórmula registrada Uso operativo Peso de pieles lb = kg × 2.204 Dato de entrada: pesar la carga"
"MEASURE_VERIFY","CUR","Curtiduría","67","R1","FIELD_CHECK","","Día 2. Dividir el total entre 5 y agregar una parte cada hora. pH 3.6–3.8 y 4.2–4.3"
"MEASURE_VERIFY","CUR","Curtiduría","67","R1","FIELD_CHECK","","una parte cada hora. pH 3.6–3.8 y 4.2–4.3 Conservar ambas referencias en el"
"MEASURE_VERIFY","CUR","Curtiduría","67","R1","FIELD_CHECK","","pH 3.6–3.8 y 4.2–4.3 Conservar ambas referencias en el registro y aplicar cada una únicamente"
"MEASURE_VERIFY","CUR","Curtiduría","68","R1","FIELD_CHECK","","Control documental: ALUM-Tan es la fuente controlada de cálculo. El método publicado usa bicarbonato de sodio porque es el producto nombrado en la hoja integrada; no sustituirlo por “carbonato” salvo que una versión controlada de la receta distinga expresamente otro producto. Registrar pH al inicio del día 2 antes de completar la"
"MEASURE_VERIFY","CUR","Curtiduría","68","R1","FIELD_CHECK","","porque es el producto nombrado en la hoja integrada; no sustituirlo por “carbonato” salvo que una versión controlada de la receta distinga expresamente otro producto. Registrar pH al inicio del día 2 antes de completar la neutralización (referencia 3.6-3.8) y controlar el avance con las cinco adiciones de bicarbonato hasta la referencia"
"MEASURE_VERIFY","CUR","Curtiduría","68","R1","FIELD_CHECK","","controlada de la receta distinga expresamente otro producto. Registrar pH al inicio del día 2 antes de completar la neutralización (referencia 3.6-3.8) y controlar el avance con las cinco adiciones de bicarbonato hasta la referencia final 4.2-4.3 de la hoja vigente."
"MEASURE_VERIFY","CUR","Curtiduría","68","R1","FIELD_CHECK","","modificar cantidades fuera de la receta escrita. La carga avanza al escurrido después de completar las cinco adiciones horarias de bicarbonato y alcanzar la referencia final de pH 4.2-4.3"
"MEASURE_VERIFY","CUR","Curtiduría","68","R1","FIELD_CHECK","","La carga avanza al escurrido después de completar las cinco adiciones horarias de bicarbonato y alcanzar la referencia final de pH 4.2-4.3 indicada por ALUM-Tan."
"MEASURE_VERIFY","CUR","Curtiduría","68","R1","FIELD_CHECK","","horarias de bicarbonato y alcanzar la referencia final de pH 4.2-4.3 indicada por ALUM-Tan. Usar agua, sal, alumbre o sulfato de aluminio y bicarbonato de sodio"
"MEASURE_VERIFY","CUR","Curtiduría","75","R1","FIELD_CHECK","","■ Conexiones eléctricas secas y fuera del piso/escurrimiento; protección diferencial/GFCI equivalente según instalación y manual del equipo. ■ Manguera, pistola, boquilla y soporte de resguardo definidos; equipo dañado se etiqueta FUERA DE SERVICIO. ■ Señalización de alta presión, EPP y acceso restringido; manual/placa del equipo disponibles."
"MEASURE_VERIFY","CUR","Curtiduría","75","R1","FIELD_CHECK","","■ Manguera, pistola, boquilla y soporte de resguardo definidos; equipo dañado se etiqueta FUERA DE SERVICIO. ■ Señalización de alta presión, EPP y acceso restringido; manual/placa del equipo disponibles. ROCA TAXIDERMY · ACTUALIZACIÓN 26 AGO 2026 · BASE v24.8 LIBRO IV / CURTIDURÍA / METODOLOGÍA 86 / 474 60 / 325 72 / 346"
"MEASURE_VERIFY","CUR","Curtiduría","75","R1","CONFIRM_FIRST","","■ Señalización de alta presión, EPP y acceso restringido; manual/placa del equipo disponibles. ROCA TAXIDERMY · ACTUALIZACIÓN 26 AGO 2026 · BASE v24.8 LIBRO IV / CURTIDURÍA / METODOLOGÍA 86 / 474 60 / 325 72 / 346 ROCA TAXIDERMY · PRE-CAMPO / PENDIENTES ABIERTOS 66 / 367 ROCA TAXIDERMY · MASTER INTEGRAL · PRE-CAMPO / PENDIENTES ABIERTOS"
"MEASURE_VERIFY","CUR","Curtiduría","76","R3","FIELD_CHECK","","Foto barrera + método de limpieza + evaluación de exposición. Ruido Medir la exposición del equipo real conforme NOM-011; asignar protección auditiva"
"MEASURE_VERIFY","CUR","Curtiduría","76","R3","FIELD_CHECK","","evaluación de exposición. Ruido Medir la exposición del equipo real conforme NOM-011; asignar protección auditiva cuando el resultado lo exija."
"MEASURE_VERIFY","CUR","Curtiduría","76","R1","FIELD_CHECK","","Ruido Medir la exposición del equipo real conforme NOM-011; asignar protección auditiva cuando el resultado lo exija. Medición/estudio + EPP cuando"
"MEASURE_VERIFY","CUR","Curtiduría","83","R2","FIELD_CHECK","","Mantenimiento, limpieza y resguardo Cada equipo debe conservar identificación técnica, revisión antes/después de uso, mantenimiento preventivo, criterio de retiro de servicio, responsable y evidencia. La frecuencia preventiva se fija con el manual del fabricante, la placa del equipo y el historial real de uso del"
"MEASURE_VERIFY","CUR","Curtiduría","83","R2","FIELD_CHECK","","Cada equipo debe conservar identificación técnica, revisión antes/después de uso, mantenimiento preventivo, criterio de retiro de servicio, responsable y evidencia. La frecuencia preventiva se fija con el manual del fabricante, la placa del equipo y el historial real de uso del Equipo Identificación"
"MEASURE_VERIFY","CUR","Curtiduría","83","R3","FIELD_CHECK","","responsable y evidencia. La frecuencia preventiva se fija con el manual del fabricante, la placa del equipo y el historial real de uso del Equipo Identificación Después / antes"
"MEASURE_VERIFY","FMR","Formas, Moldes y Réplicas","110","R2","FIELD_CHECK","","Mantenimiento, limpieza y resguardo Cada equipo debe conservar identificación técnica, revisión antes/después de uso, mantenimiento preventivo, criterio de retiro de servicio, responsable y evidencia. La frecuencia preventiva se fija con el manual del fabricante, la placa del equipo y el historial real de uso del"
"MEASURE_VERIFY","FMR","Formas, Moldes y Réplicas","110","R2","FIELD_CHECK","","Cada equipo debe conservar identificación técnica, revisión antes/después de uso, mantenimiento preventivo, criterio de retiro de servicio, responsable y evidencia. La frecuencia preventiva se fija con el manual del fabricante, la placa del equipo y el historial real de uso del Equipo Identificación"
"MEASURE_VERIFY","FMR","Formas, Moldes y Réplicas","110","R3","FIELD_CHECK","","responsable y evidencia. La frecuencia preventiva se fija con el manual del fabricante, la placa del equipo y el historial real de uso del Equipo Identificación Después / antes"
"MEASURE_VERIFY","FMR","Formas, Moldes y Réplicas","121","R3","FIELD_CHECK","","Fibra no se usa en la mezcla final No incorporar fibra de vidrio al vaciado de réplica. Relación de mezcla 2 partes de resina : 1 parte de talco/ Medir con el mismo sistema para ambos componentes y mantener la"
"MEASURE_VERIFY","FMR","Formas, Moldes y Réplicas","121","R3","FIELD_CHECK","","Relación de mezcla 2 partes de resina : 1 parte de talco/ Medir con el mismo sistema para ambos componentes y mantener la relación 2:1."
"MEASURE_VERIFY","FMR","Formas, Moldes y Réplicas","121","R3","FIELD_CHECK","","Medir con el mismo sistema para ambos componentes y mantener la relación 2:1. Consistencia fluida La mezcla debe recorrer relieves, puntas y detalles sin dejar huecos"
"MEASURE_VERIFY","FMR","Formas, Moldes y Réplicas","121","R3","FIELD_CHECK","","molde sin dejar huecos visibles. RELACIÓN DE MEZCLA Medir 2 partes de resina por 1 parte de talco"
"MEASURE_VERIFY","FMR","Formas, Moldes y Réplicas","121","R3","FIELD_CHECK","","RELACIÓN DE MEZCLA Medir 2 partes de resina por 1 parte de talco industrial o calcita con el mismo sistema de"
"MEASURE_VERIFY","FMR","Formas, Moldes y Réplicas","121","R2","FIELD_CHECK","","Medir 2 partes de resina por 1 parte de talco industrial o calcita con el mismo sistema de medición. Mantener la relación 2:1 y mezclar"
"MEASURE_VERIFY","GLOBAL","Global / Governance","10","R3","FIELD_CHECK","","DOCUMENTO reunir · validar titular/entidad/domicilio/actividad/vigencia · archivar medir · corregir infraestructura · ordenar · instalar · identificar"
"MEASURE_VERIFY","GLOBAL","Global / Governance","10","R2","FIELD_CHECK","","reunir · validar titular/entidad/domicilio/actividad/vigencia · archivar medir · corregir infraestructura · ordenar · instalar · identificar confirmar nombre/estación · capacitar · demostrar competencia · autorizar"
"MEASURE_VERIFY","GLOBAL","Global / Governance","10","R2","FIELD_CHECK","","medir · corregir infraestructura · ordenar · instalar · identificar confirmar nombre/estación · capacitar · demostrar competencia · autorizar EVIDENCIA"
"MEASURE_VERIFY","GLOBAL","Global / Governance","12","R3","FIELD_CHECK","","sin perder su identidad ni las referencias que permiten reconstruirlo: medidas, piel, especie, pose solicitada y expediente. El trabajo se organiza para medir antes de"
"MEASURE_VERIFY","GLOBAL","Global / Governance","12","R3","FIELD_CHECK","","reconstruirlo: medidas, piel, especie, pose solicitada y expediente. El trabajo se organiza para medir antes de modificar, proteger la piel como material irremplazable,"
"MEASURE_VERIFY","GLOBAL","Global / Governance","12","R3","FIELD_CHECK","","expediente. El trabajo se organiza para medir antes de modificar, proteger la piel como material irremplazable, corregir cada desviación en el oficio donde se origina y"
"MEASURE_VERIFY","GLOBAL","Global / Governance","13","R1","FIELD_CHECK","","Se mide antes de cortar. La forma parte de las dimensiones de la piel; no se obliga la piel a corregir una forma mal elegida. La química se calcula. Peso, proporciones, pH, tiempos y"
"MEASURE_VERIFY","GLOBAL","Global / Governance","13","R1","FIELD_CHECK","","la piel; no se obliga la piel a corregir una forma mal elegida. La química se calcula. Peso, proporciones, pH, tiempos y adiciones se consultan y registran; una cifra dudosa no se"
"MEASURE_VERIFY","GLOBAL","Global / Governance","13","R1","FIELD_CHECK","","La química se calcula. Peso, proporciones, pH, tiempos y adiciones se consultan y registran; una cifra dudosa no se convierte en estándar."
"MEASURE_VERIFY","GLOBAL","Global / Governance","26","R3","FIELD_CHECK","","Hoja simple de revisión de consumibles El objetivo es anticipar faltantes antes de que una pieza se detenga. Los mínimos y consumos se medirán con el tiempo; mientras tanto, el sistema ya deja preparado dónde"
"MEASURE_VERIFY","GLOBAL","Global / Governance","26","R3","FIELD_CHECK","","El objetivo es anticipar faltantes antes de que una pieza se detenga. Los mínimos y consumos se medirán con el tiempo; mientras tanto, el sistema ya deja preparado dónde registrar el dato."
"MEASURE_VERIFY","GLOBAL","Global / Governance","26","R3","FIELD_CHECK","","consumos se medirán con el tiempo; mientras tanto, el sistema ya deja preparado dónde registrar el dato. QUÉ USAMOS > QUÉ HAY > QUÉ VIENE > QUÉ COMPRAR > RECIBIR"
"MEASURE_VERIFY","GLOBAL","Global / Governance","32","R2","FIELD_CHECK","","detener y reportar antes de continuar. Iluminación No decidir por percepción visual. Medir lux en el plano"
"MEASURE_VERIFY","GLOBAL","Global / Governance","32","R2","FIELD_CHECK","","Iluminación No decidir por percepción visual. Medir lux en el plano de trabajo y clasificar la tarea: 200 simple; 300"
"MEASURE_VERIFY","GLOBAL","Global / Governance","32","R2","FIELD_CHECK","","No decidir por percepción visual. Medir lux en el plano de trabajo y clasificar la tarea: 200 simple; 300 moderada; 500 detalle claro; 750 detalle fino; 1,000"
"MEASURE_VERIFY","MON","Montaje","147","R3","FIELD_CHECK","","PARÁMETROS Y REFERENCIAS DE TRABAJO DOCUMENTADOS REFERENCIA VALOR / CRITERIO CÓMO SE USA Cabeza · ojo a nariz pulgadas Medir del punto ocular definido a la punta de nariz antes de seleccionar"
"MEASURE_VERIFY","MON","Montaje","147","R3","FIELD_CHECK","","REFERENCIA VALOR / CRITERIO CÓMO SE USA Cabeza · ojo a nariz pulgadas Medir del punto ocular definido a la punta de nariz antes de seleccionar Cabeza · contorno detrás de ojos pulgadas Medir inmediatamente detrás de las órbitas."
"MEASURE_VERIFY","MON","Montaje","147","R3","FIELD_CHECK","","Cabeza · ojo a nariz pulgadas Medir del punto ocular definido a la punta de nariz antes de seleccionar Cabeza · contorno detrás de ojos pulgadas Medir inmediatamente detrás de las órbitas. Cuerpo completo lomo · pies a cabeza · nariz a parte"
"MEASURE_VERIFY","MON","Montaje","147","R3","FIELD_CHECK","","Cabeza · contorno detrás de ojos pulgadas Medir inmediatamente detrás de las órbitas. Cuerpo completo lomo · pies a cabeza · nariz a parte posterior · ancho"
"MEASURE_VERIFY","MON","Montaje","147","R2","FIELD_CHECK","","la posición fijada sin recuperar desplazamiento al comprobar la zona. Medición de piel Corrección de forma Preparación de asta Humedecer y medir"
"MEASURE_VERIFY","MON","Montaje","147","R2","FIELD_CHECK","","Medición de piel Corrección de forma Preparación de asta Humedecer y medir ojo-nariz · detrás de ojos ·"
"MEASURE_VERIFY","MON","Montaje","147","R3","FIELD_CHECK","","Humedecer y medir ojo-nariz · detrás de ojos · medidas de cuerpo"
"MEASURE_VERIFY","MON","Montaje","147","R3","BLOCKED","","Continuar secado / no liberar solo por reloj Medir antes de cortar. Si la forma no coincide, corregir o fabricar y volver a presentar la piel; barro y pegamento"
"MEASURE_VERIFY","MON","Montaje","147","R3","BLOCKED","","no liberar solo por reloj Medir antes de cortar. Si la forma no coincide, corregir o fabricar y volver a presentar la piel; barro y pegamento nunca sustituyen una incompatibilidad de forma."
"MEASURE_VERIFY","MON","Montaje","147","R3","FIELD_CHECK","","Medir antes de cortar. Si la forma no coincide, corregir o fabricar y volver a presentar la piel; barro y pegamento nunca sustituyen una incompatibilidad de forma. LIBRO IV / MONTAJE / METODOLOGÍA 170 / 474"
"MEASURE_VERIFY","MON","Montaje","148","R3","FIELD_CHECK","","garras; retirar huesos residuales; terminar cartílagos de oreja, nariz y belfos. Jalar la piel con la mano: debe desplazarse y recuperar forma sin quedar al límite de tensión. Con la piel ya flexible, medir ojo-nariz y contorno"
"MEASURE_VERIFY","MON","Montaje","148","R3","FIELD_CHECK","","Jalar la piel con la mano: debe desplazarse y recuperar forma sin quedar al límite de tensión. Con la piel ya flexible, medir ojo-nariz y contorno inmediatamente detrás de las órbitas en pulgadas, además de las medidas"
"MEASURE_VERIFY","MON","Montaje","148","R3","FIELD_CHECK","","límite de tensión. Con la piel ya flexible, medir ojo-nariz y contorno inmediatamente detrás de las órbitas en pulgadas, además de las medidas corporales que correspondan al tipo de montaje."
"MEASURE_VERIFY","MON","Montaje","155","R2","FIELD_CHECK","","Mantenimiento, limpieza y resguardo Cada equipo debe conservar identificación técnica, revisión antes/después de uso, mantenimiento preventivo, criterio de retiro de servicio, responsable y evidencia. La frecuencia preventiva se fija con el manual del fabricante, la placa del equipo y el historial real de uso del"
"MEASURE_VERIFY","MON","Montaje","155","R2","FIELD_CHECK","","Cada equipo debe conservar identificación técnica, revisión antes/después de uso, mantenimiento preventivo, criterio de retiro de servicio, responsable y evidencia. La frecuencia preventiva se fija con el manual del fabricante, la placa del equipo y el historial real de uso del Equipo Identificación"
"MEASURE_VERIFY","MON","Montaje","155","R3","FIELD_CHECK","","responsable y evidencia. La frecuencia preventiva se fija con el manual del fabricante, la placa del equipo y el historial real de uso del Equipo Identificación Después / antes"
"MEASURE_VERIFY","RES","RES","328","R3","FIELD_CHECK","","Incorporaciones y autorización por operación Montaje incorpora un montador adicional y un ayudante de montador. La identidad de ambos se completa en el levantamiento de personal. La incorporación al equipo no autoriza por sí sola todas las operaciones: la autorización se"
"MEASURE_VERIFY","RES","RES","328","R3","FIELD_CHECK","","Montaje incorpora un montador adicional y un ayudante de montador. La identidad de ambos se completa en el levantamiento de personal. La incorporación al equipo no autoriza por sí sola todas las operaciones: la autorización se asigna por tarea demostrada."
"MEASURE_VERIFY","RES","RES","328","R3","FIELD_CHECK","","levantamiento de personal. La incorporación al equipo no autoriza por sí sola todas las operaciones: la autorización se asigna por tarea demostrada. MONTADOR ADICIONAL"
"MEASURE_VERIFY","RES","RES","329","R3","FIELD_CHECK","","definida por clima, reconoce fuga/curado incompleto y libera únicamente una forma rígida y estable. Montaje Medir, presentar forma, resolver"
"MEASURE_VERIFY","RES","RES","329","R3","FIELD_CHECK","","una forma rígida y estable. Montaje Medir, presentar forma, resolver anatomía, preparar volumen localizado,"
"MEASURE_VERIFY","RES","RES","329","R3","FIELD_CHECK","","Montaje Medir, presentar forma, resolver anatomía, preparar volumen localizado, adhesivo, vestido, costura, fijación y"
"MEASURE_VERIFY","RES","RES","334","R3","FIELD_CHECK","","en condición segura antes de liberarlo. En trabajos de detalle Medir la iluminancia en el plano real de trabajo con"
"MEASURE_VERIFY","RES","RES","334","R2","FIELD_CHECK","","En trabajos de detalle Medir la iluminancia en el plano real de trabajo con luxómetro y comparar la lectura contra el nivel definido"
"MEASURE_VERIFY","RES","RES","334","R2","FIELD_CHECK","","Medir la iluminancia en el plano real de trabajo con luxómetro y comparar la lectura contra el nivel definido para la tarea; pintura y acabado fino se verifican como"
"MEASURE_VERIFY","RES","RES","335","R1","FIELD_CHECK","","identidad y HDS accesible. STPS-2008 Iluminación por tarea visual. Lecturas de lux + plano de luminarias +"
"MEASURE_VERIFY","RES","RES","335","R2","FIELD_CHECK","","STPS-2008 Iluminación por tarea visual. Lecturas de lux + plano de luminarias + registro de correcciones."
"MEASURE_VERIFY","RES","RES","335","R2","FIELD_CHECK","","Iluminación por tarea visual. Lecturas de lux + plano de luminarias + registro de correcciones. La iluminación se controla por medición en el"
"MEASURE_VERIFY","RES","RES","361","R2","CONFIRM_FIRST","","ID Documento / evidencia Aplica si Estado MET-001 Inventario de instrumentos de medicion siempre PENDIENTE MET-002 Verificacion/calibracion aplicable instrumentos que gobiernan aceptacion/seguridad PENDIENTE"
"MEASURE_VERIFY","RES","RES","361","R2","CONFIRM_FIRST","","MET-001 Inventario de instrumentos de medicion siempre PENDIENTE MET-002 Verificacion/calibracion aplicable instrumentos que gobiernan aceptacion/seguridad PENDIENTE ROCA TAXIDERMY · PRE-CAMPO / PENDIENTES ABIERTOS 337 / 367 ROCA TAXIDERMY · MASTER INTEGRAL · PRE-CAMPO / PENDIENTES ABIERTOS"
"MEASURE_VERIFY","RES","RES","361","R2","CONFIRM_FIRST","","MET-002 Verificacion/calibracion aplicable instrumentos que gobiernan aceptacion/seguridad PENDIENTE ROCA TAXIDERMY · PRE-CAMPO / PENDIENTES ABIERTOS 337 / 367 ROCA TAXIDERMY · MASTER INTEGRAL · PRE-CAMPO / PENDIENTES ABIERTOS"
"MEASURE_VERIFY","RET","Retoque","176","R2","FIELD_CHECK","","tono y aceite para cuernos al cierre. 08. Medición y plancha de base Con la pieza completa y la referencia del proyecto, medir el ancho y el"
"MEASURE_VERIFY","RET","Retoque","176","R2","FIELD_CHECK","","08. Medición y plancha de base Con la pieza completa y la referencia del proyecto, medir el ancho y el largo que necesita la base antes de cortar la plancha. La práctica registrada"
"MEASURE_VERIFY","RET","Retoque","176","R3","FIELD_CHECK","","Con la pieza completa y la referencia del proyecto, medir el ancho y el largo que necesita la base antes de cortar la plancha. La práctica registrada utiliza triplay industrial, preferentemente de 18 mm. Cuando la base supera"
"MEASURE_VERIFY","RET","Retoque","181","R2","FIELD_CHECK","","Mantenimiento, limpieza y resguardo Cada equipo debe conservar identificación técnica, revisión antes/después de uso, mantenimiento preventivo, criterio de retiro de servicio, responsable y evidencia. La frecuencia preventiva se fija con el manual del fabricante, la placa del equipo y el historial real de uso del"
"MEASURE_VERIFY","RET","Retoque","181","R2","FIELD_CHECK","","Cada equipo debe conservar identificación técnica, revisión antes/después de uso, mantenimiento preventivo, criterio de retiro de servicio, responsable y evidencia. La frecuencia preventiva se fija con el manual del fabricante, la placa del equipo y el historial real de uso del Equipo Identificación"
"MEASURE_VERIFY","RET","Retoque","181","R3","FIELD_CHECK","","responsable y evidencia. La frecuencia preventiva se fija con el manual del fabricante, la placa del equipo y el historial real de uso del Equipo Identificación Después / antes"
"MEASURE_VERIFY","RUT","RUT","312","R3","CONFIRM_FIRST","","PENDIENTES DE CIERRE cerrar plano de rutas y puntos de emergencia medir/validar condición en campo"
"MEASURE_VERIFY","RUT","RUT","312","R3","CONFIRM_FIRST","","cerrar plano de rutas y puntos de emergencia medir/validar condición en campo ROCA TAXIDERMY · MASTER INTEGRAL · PRE-CAMPO / PENDIENTES ABIERTOS"
"MEASURE_VERIFY","RUT","RUT","312","R3","CONFIRM_FIRST","","medir/validar condición en campo ROCA TAXIDERMY · MASTER INTEGRAL · PRE-CAMPO / PENDIENTES ABIERTOS"
"MEASURE_VERIFY","SOL","Soldadura / Adaptación","235","R2","FIELD_CHECK","","Mantenimiento, limpieza y resguardo Cada equipo debe conservar identificación técnica, revisión antes/después de uso, mantenimiento preventivo, criterio de retiro de servicio, responsable y evidencia. La frecuencia preventiva se fija con el manual del fabricante, la placa del equipo y el historial real de uso del"
"MEASURE_VERIFY","SOL","Soldadura / Adaptación","235","R2","FIELD_CHECK","","Cada equipo debe conservar identificación técnica, revisión antes/después de uso, mantenimiento preventivo, criterio de retiro de servicio, responsable y evidencia. La frecuencia preventiva se fija con el manual del fabricante, la placa del equipo y el historial real de uso del Equipo Identificación"
"MEASURE_VERIFY","SOL","Soldadura / Adaptación","235","R3","FIELD_CHECK","","responsable y evidencia. La frecuencia preventiva se fija con el manual del fabricante, la placa del equipo y el historial real de uso del Equipo Identificación Después / antes"
"DOCUMENT_EVIDENCE","BAS","Bases","187","R1","FIELD_CHECK","BAS-AREA-04","se registra punto, lectura, fecha e instrumento cuando la iluminancia gobierna el trabajo. BAS-AREA-04 Ventilación y extracción La ventilación corresponde a la operación real. Cuando una HDS o el reconocimiento de exposición"
"DOCUMENT_EVIDENCE","BAS","Bases","187","R1","FIELD_CHECK","BAS-AREA-04","BAS-AREA-04 Ventilación y extracción La ventilación corresponde a la operación real. Cuando una HDS o el reconocimiento de exposición exige extracción localizada, el punto de generación queda capturado antes de liberar la estación."
"DOCUMENT_EVIDENCE","BAS","Bases","187","R1","FIELD_CHECK","BAS-AREA-05","La ventilación corresponde a la operación real. Cuando una HDS o el reconocimiento de exposición exige extracción localizada, el punto de generación queda capturado antes de liberar la estación. BAS-AREA-05 Emergencia"
"DOCUMENT_EVIDENCE","BAS","Bases","188","R1","FIELD_CHECK","","EVIDENCIA PARA CIERRE Una condición se declara conforme sólo cuando puede observarse, medirse o comprobarse con un registro vigente. La fotografía contextualiza; no sustituye una medición, una HDS, un mantenimiento ni la vigencia de un permiso."
"DOCUMENT_EVIDENCE","BAS","Bases","188","R1","FIELD_CHECK","","Una condición se declara conforme sólo cuando puede observarse, medirse o comprobarse con un registro vigente. La fotografía contextualiza; no sustituye una medición, una HDS, un mantenimiento ni la vigencia de un permiso. LIBRO IV / BASES / ÁREA DE TRABAJO"
"DOCUMENT_EVIDENCE","BAS","Bases","188","R1","FIELD_CHECK","","fotografía contextualiza; no sustituye una medición, una HDS, un mantenimiento ni la vigencia de un permiso. LIBRO IV / BASES / ÁREA DE TRABAJO 165 / 325 181 / 346"
"DOCUMENT_EVIDENCE","BAS","Bases","189","R2","FIELD_CHECK","","Cada persona se evalúa en su puesto real. Se eliminan los criterios que no apliquen a su tarea; no se usa una estación “típica” como sustituto. EVIDENCIA FOTOGRÁFICA REQUERIDA"
"DOCUMENT_EVIDENCE","BAS","Bases","189","R3","FIELD_CHECK","","“típica” como sustituto. EVIDENCIA FOTOGRÁFICA REQUERIDA Foto 1: persona en armado de base. Foto 2:"
"DOCUMENT_EVIDENCE","BAS","Bases","189","R3","FIELD_CHECK","","• paso de maniobra libre Evidence ID: __________ Fecha: __________ Responsable: __________ EVIDENCIA FOTOGRÁFICA REQUERIDA"
"DOCUMENT_EVIDENCE","BAS","Bases","189","R3","FIELD_CHECK","","Evidence ID: __________ Fecha: __________ Responsable: __________ EVIDENCIA FOTOGRÁFICA REQUERIDA Foto 1: persona en armado de base. Foto 2:"
"DOCUMENT_EVIDENCE","BAS","Bases","191","R3","FIELD_CHECK","","BAS / EVIDENCIA Evidencia fotográfica requerida Las tomas se preparan para demostrar el estado del área; no son imágenes decorativas."
"DOCUMENT_EVIDENCE","BAS","Bases","191","R2","FIELD_CHECK","","Las tomas se preparan para demostrar el estado del área; no son imágenes decorativas. TOMA 01 · EVIDENCIA FOTOGRÁFICA REQUERIDA Vista general del frente de armado con plancha/base, bancos, herramientas de corte y espacio de maniobra de la pieza completa."
"DOCUMENT_EVIDENCE","BAS","Bases","191","R2","FIELD_CHECK","","TOMA 01 · EVIDENCIA FOTOGRÁFICA REQUERIDA Vista general del frente de armado con plancha/base, bancos, herramientas de corte y espacio de maniobra de la pieza completa. Archivo / Evidence ID: ______________________________________ Fecha: __________"
"DOCUMENT_EVIDENCE","BAS","Bases","191","R2","FIELD_CHECK","","Vista general del frente de armado con plancha/base, bancos, herramientas de corte y espacio de maniobra de la pieza completa. Archivo / Evidence ID: ______________________________________ Fecha: __________ TOMA 02 · EVIDENCIA FOTOGRÁFICA REQUERIDA"
"DOCUMENT_EVIDENCE","BAS","Bases","191","R2","FIELD_CHECK","","Archivo / Evidence ID: ______________________________________ Fecha: __________ TOMA 02 · EVIDENCIA FOTOGRÁFICA REQUERIDA Compendio de 3 fotos: almacenamiento de triplay/malla; herramienta de corte con protección; punto de mezcla de poliuretano"
"DOCUMENT_EVIDENCE","BAS","Bases","191","R2","FIELD_CHECK","","TOMA 02 · EVIDENCIA FOTOGRÁFICA REQUERIDA Compendio de 3 fotos: almacenamiento de triplay/malla; herramienta de corte con protección; punto de mezcla de poliuretano con componentes identificados y contención."
"DOCUMENT_EVIDENCE","BAS","Bases","191","R3","FIELD_CHECK","","con componentes identificados y contención. Archivo / Evidence ID: ______________________________________ Fecha: __________ TOMA 03 · EVIDENCIA FOTOGRÁFICA REQUERIDA"
"DOCUMENT_EVIDENCE","BAS","Bases","191","R3","FIELD_CHECK","","TOMA 03 · EVIDENCIA FOTOGRÁFICA REQUERIDA Base terminada o en espera: pieza estable, apoyos/fijaciones visibles, zona libre de recortes y residuos separados. Archivo / Evidence ID: ______________________________________ Fecha: __________"
"DOCUMENT_EVIDENCE","BAS","Bases","192","R1","FIELD_CHECK","TS-018","Si hay ventilacion artificial, el aire extraido no se descarga a otra zona ocupada; se opera antes del ingreso cuando debe purgar contaminantes. Evidencia: __________________ Hallazgo/acción: __________________ Resp.: ______ Fecha: ______ TS-018 HDS □ C □ NC □ NA □ NV"
"DOCUMENT_EVIDENCE","BAS","Bases","192","R1","FIELD_CHECK","TS-018","TS-018 HDS □ C □ NC □ NA □ NV Cada sustancia/mezcla peligrosa tiene HDS accesible a quien la usa. Evidencia: __________________ Hallazgo/acción: __________________ Resp.: ______ Fecha: ______"
"DOCUMENT_EVIDENCE","BAS","Bases","192","R1","FIELD_CHECK","","Cada sustancia/mezcla peligrosa tiene HDS accesible a quien la usa. Evidencia: __________________ Hallazgo/acción: __________________ Resp.: ______ Fecha: ______ LIBRO IV / BASES / VERIFICACIÓN"
"DOCUMENT_EVIDENCE","BAS","Bases","194","R1","FIELD_CHECK","TS-069","TS-069 Poliuretano-base □ C □ NC □ NA □ NV Mezcla A/B se realiza en superficie protegida, producto identificado, HDS disponible y ventilacion/extraccion preparada segun riesgo. Evidencia: __________________ Hallazgo/acción: __________________ Resp.: ______ Fecha: ______"
"DOCUMENT_EVIDENCE","BAS","Bases","194","R1","FIELD_CHECK","TS-070","Mezcla A/B se realiza en superficie protegida, producto identificado, HDS disponible y ventilacion/extraccion preparada segun riesgo. Evidencia: __________________ Hallazgo/acción: __________________ Resp.: ______ Fecha: ______ TS-070 Materiales □ C □ NC □ NA □ NV"
"DOCUMENT_EVIDENCE","BAS","Bases","203","R1","FIELD_CHECK","","Gabinete para químicos inflamables/solventes 1 Retoque Separar barnices, gasolina blanca y productos compatibles según HDS."
"DOCUMENT_EVIDENCE","BAS","Bases","203","R1","FIELD_CHECK","","inflamables/solventes 1 Retoque Separar barnices, gasolina blanca y productos compatibles según HDS. Extintor ABC accesible y"
"DOCUMENT_EVIDENCE","BAS","Bases","203","R1","FIELD_CHECK","","compatibles según HDS. Extintor ABC accesible y señalizado 1 mínimo en el área Ambas Complementar con la distribución general de"
"DOCUMENT_EVIDENCE","BAS","Bases","204","R1","FIELD_CHECK","","Poliuretano A/B 1 juego operativo + 1 juego de reserva Al abrir la reserva Presentación fotografiada: envases KUMA A/B; conservar identificación y HDS."
"DOCUMENT_EVIDENCE","BAS","Bases","204","R1","FIELD_CHECK","","de reserva Al abrir la reserva Presentación fotografiada: envases KUMA A/B; conservar identificación y HDS. Malla 8x8 1 rollo operativo + 1"
"DOCUMENT_EVIDENCE","BAS","Bases","204","R1","FIELD_CHECK","","conservar identificación y HDS. Malla 8x8 1 rollo operativo + 1 Al usar 75% del"
"DOCUMENT_EVIDENCE","BAS","Bases","204","R1","FIELD_CHECK","","cerradas Textura de nariz y trabajos de acabado. Gasolina blanca 1 recipiente operativo + 1 Al abrir la reserva Almacenar según HDS y lejos de ignición."
"DOCUMENT_EVIDENCE","BAS","Bases","204","R1","FIELD_CHECK","","Gasolina blanca 1 recipiente operativo + 1 Al abrir la reserva Almacenar según HDS y lejos de ignición. Manchas para"
"DOCUMENT_EVIDENCE","BAS","Bases","204","R1","FIELD_CHECK","","Al abrir la reserva Almacenar según HDS y lejos de ignición. Manchas para 1 juego roble/encino/roble"
"DOCUMENT_EVIDENCE","BAS","Bases","206","R2","FIELD_CHECK","","Mantenimiento, limpieza y resguardo Cada equipo debe conservar identificación técnica, revisión antes/después de uso, mantenimiento preventivo, criterio de retiro de servicio, responsable y evidencia. La frecuencia preventiva se fija con el manual del fabricante, la placa del equipo y el historial real de uso del"
"DOCUMENT_EVIDENCE","BAS","Bases","206","R2","FIELD_CHECK","","Cada equipo debe conservar identificación técnica, revisión antes/después de uso, mantenimiento preventivo, criterio de retiro de servicio, responsable y evidencia. La frecuencia preventiva se fija con el manual del fabricante, la placa del equipo y el historial real de uso del Equipo Identificación"
"DOCUMENT_EVIDENCE","BAS","Bases","206","R3","FIELD_CHECK","","responsable y evidencia. La frecuencia preventiva se fija con el manual del fabricante, la placa del equipo y el historial real de uso del Equipo Identificación Después / antes"
"DOCUMENT_EVIDENCE","BAS","Bases","206","R3","FIELD_CHECK","","pérdida de función Responsable del área + bitácora de"
"DOCUMENT_EVIDENCE","BAS","Bases","206","R3","FIELD_CHECK","","Responsable del área + bitácora de intervención"
"DOCUMENT_EVIDENCE","BAS","Bases","206","R3","FIELD_CHECK","","área + bitácora de intervención Aerógrafos Identificación visible:"
"DOCUMENT_EVIDENCE","BAS","Bases","206","R3","FIELD_CHECK","","área + bitácora de intervención Pistola de"
"DOCUMENT_EVIDENCE","BAS","Bases","206","R3","FIELD_CHECK","","área + bitácora de intervención Secadora Identificación visible:"
"DOCUMENT_EVIDENCE","BAS","Bases","206","R3","FIELD_CHECK","","área + bitácora de intervención Caladora y"
"DOCUMENT_EVIDENCE","BAS","Bases","206","R3","FIELD_CHECK","","área + bitácora de intervención Taladro y"
"DOCUMENT_EVIDENCE","BAS","Bases","206","R3","FIELD_CHECK","","área + bitácora de intervención Grapadora"
"DOCUMENT_EVIDENCE","BAS","Bases","206","R3","FIELD_CHECK","","área + bitácora de intervención Identificación visible:"
"DOCUMENT_EVIDENCE","BAS","Bases","206","R3","FIELD_CHECK","","área + bitácora de intervención formones y"
"DOCUMENT_EVIDENCE","BAS","Bases","206","R3","FIELD_CHECK","","área + bitácora de intervención Resguardo del"
"DOCUMENT_EVIDENCE","BAS","Bases","207","R1","FIELD_CHECK","","consumibles Identificación, cierre, compatibilidad, ventilación, contención y separación de fuentes de ignición definidas por la HDS vigente del producto."
"DOCUMENT_EVIDENCE","BAS","Bases","207","R1","FIELD_CHECK","","Identificación, cierre, compatibilidad, ventilación, contención y separación de fuentes de ignición definidas por la HDS vigente del producto. FOTO + HDS"
"DOCUMENT_EVIDENCE","BAS","Bases","207","R1","FIELD_CHECK","","definidas por la HDS vigente del producto. FOTO + HDS Piezas en espera Zona definida, identificación visible y condición que no provoque contaminación, daño o confusión de"
"DOCUMENT_EVIDENCE","BAS","Bases","207","R1","FIELD_CHECK","","FOTO + HDS Piezas en espera Zona definida, identificación visible y condición que no provoque contaminación, daño o confusión de proyecto."
"DOCUMENT_EVIDENCE","BLA","Blanqueado","240","R1","FIELD_CHECK","BLA-AREA-04","se registra punto, lectura, fecha e instrumento cuando la iluminancia gobierna el trabajo. BLA-AREA-04 Ventilación y extracción La ventilación corresponde a la operación real. Cuando una HDS o el reconocimiento de exposición"
"DOCUMENT_EVIDENCE","BLA","Blanqueado","240","R1","FIELD_CHECK","BLA-AREA-04","BLA-AREA-04 Ventilación y extracción La ventilación corresponde a la operación real. Cuando una HDS o el reconocimiento de exposición exige extracción localizada, el punto de generación queda capturado antes de liberar la estación."
"DOCUMENT_EVIDENCE","BLA","Blanqueado","240","R1","FIELD_CHECK","BLA-AREA-05","La ventilación corresponde a la operación real. Cuando una HDS o el reconocimiento de exposición exige extracción localizada, el punto de generación queda capturado antes de liberar la estación. BLA-AREA-05 Emergencia"
"DOCUMENT_EVIDENCE","BLA","Blanqueado","241","R1","FIELD_CHECK","","EVIDENCIA PARA CIERRE Una condición se declara conforme sólo cuando puede observarse, medirse o comprobarse con un registro vigente. La fotografía contextualiza; no sustituye una medición, una HDS, un mantenimiento ni la vigencia de un permiso."
"DOCUMENT_EVIDENCE","BLA","Blanqueado","241","R1","FIELD_CHECK","","Una condición se declara conforme sólo cuando puede observarse, medirse o comprobarse con un registro vigente. La fotografía contextualiza; no sustituye una medición, una HDS, un mantenimiento ni la vigencia de un permiso. LIBRO IV / BLANQUEADO / ÁREA DE TRABAJO"
"DOCUMENT_EVIDENCE","BLA","Blanqueado","241","R1","FIELD_CHECK","","fotografía contextualiza; no sustituye una medición, una HDS, un mantenimiento ni la vigencia de un permiso. LIBRO IV / BLANQUEADO / ÁREA DE TRABAJO 211 / 325 231 / 346"
"DOCUMENT_EVIDENCE","BLA","Blanqueado","242","R2","FIELD_CHECK","","Cada persona se evalúa en su puesto real. Se eliminan los criterios que no apliquen a su tarea; no se usa una estación “típica” como sustituto. EVIDENCIA FOTOGRÁFICA REQUERIDA"
"DOCUMENT_EVIDENCE","BLA","Blanqueado","242","R2","FIELD_CHECK","","“típica” como sustituto. EVIDENCIA FOTOGRÁFICA REQUERIDA Foto 1: responsable en la estación completa."
"DOCUMENT_EVIDENCE","BLA","Blanqueado","243","R3","FIELD_CHECK","","BLA / EVIDENCIA Evidencia fotográfica requerida Las tomas se preparan para demostrar el estado del área; no son imágenes decorativas."
"DOCUMENT_EVIDENCE","BLA","Blanqueado","243","R1","FIELD_CHECK","","Las tomas se preparan para demostrar el estado del área; no son imágenes decorativas. TOMA 01 · EVIDENCIA FOTOGRÁFICA REQUERIDA Panorámica del puesto de tratamiento con recipiente, fuente de calor, ventilación y circulación alrededor; sin materiales"
"DOCUMENT_EVIDENCE","BLA","Blanqueado","243","R1","FIELD_CHECK","","TOMA 01 · EVIDENCIA FOTOGRÁFICA REQUERIDA Panorámica del puesto de tratamiento con recipiente, fuente de calor, ventilación y circulación alrededor; sin materiales combustibles o herramientas ajenas."
"DOCUMENT_EVIDENCE","BLA","Blanqueado","243","R2","FIELD_CHECK","","combustibles o herramientas ajenas. Archivo / Evidence ID: ______________________________________ Fecha: __________ TOMA 02 · EVIDENCIA FOTOGRÁFICA REQUERIDA"
"DOCUMENT_EVIDENCE","BLA","Blanqueado","243","R3","FIELD_CHECK","","Archivo / Evidence ID: ______________________________________ Fecha: __________ TOMA 02 · EVIDENCIA FOTOGRÁFICA REQUERIDA Detalle operativo: cráneo en tratamiento con los cuernos físicamente fuera de la zona térmica; soporte y nivel de agua visibles."
"DOCUMENT_EVIDENCE","BLA","Blanqueado","243","R3","FIELD_CHECK","","TOMA 02 · EVIDENCIA FOTOGRÁFICA REQUERIDA Detalle operativo: cráneo en tratamiento con los cuernos físicamente fuera de la zona térmica; soporte y nivel de agua visibles. Archivo / Evidence ID: ______________________________________ Fecha: __________"
"DOCUMENT_EVIDENCE","BLA","Blanqueado","243","R3","FIELD_CHECK","","Detalle operativo: cráneo en tratamiento con los cuernos físicamente fuera de la zona térmica; soporte y nivel de agua visibles. Archivo / Evidence ID: ______________________________________ Fecha: __________ TOMA 03 · EVIDENCIA FOTOGRÁFICA REQUERIDA"
"DOCUMENT_EVIDENCE","BLA","Blanqueado","243","R2","FIELD_CHECK","","TOMA 03 · EVIDENCIA FOTOGRÁFICA REQUERIDA Cierre: cráneo limpio/escurrido, herramienta guardada, piso seco y residuos del tratamiento separados. Archivo / Evidence ID: ______________________________________ Fecha: __________"
"DOCUMENT_EVIDENCE","BLA","Blanqueado","244","R1","FIELD_CHECK","TS-018","Si hay ventilacion artificial, el aire extraido no se descarga a otra zona ocupada; se opera antes del ingreso cuando debe purgar contaminantes. Evidencia: __________________ Hallazgo/acción: __________________ Resp.: ______ Fecha: ______ TS-018 HDS □ C □ NC □ NA □ NV"
"DOCUMENT_EVIDENCE","BLA","Blanqueado","244","R1","FIELD_CHECK","TS-018","TS-018 HDS □ C □ NC □ NA □ NV Cada sustancia/mezcla peligrosa tiene HDS accesible a quien la usa. Evidencia: __________________ Hallazgo/acción: __________________ Resp.: ______ Fecha: ______"
"DOCUMENT_EVIDENCE","BLA","Blanqueado","244","R1","FIELD_CHECK","","Cada sustancia/mezcla peligrosa tiene HDS accesible a quien la usa. Evidencia: __________________ Hallazgo/acción: __________________ Resp.: ______ Fecha: ______ LIBRO IV / BLANQUEADO / VERIFICACIÓN"
"DOCUMENT_EVIDENCE","BLA","Blanqueado","250","R2","FIELD_CHECK","","Mantenimiento, limpieza y resguardo Cada equipo debe conservar identificación técnica, revisión antes/después de uso, mantenimiento preventivo, criterio de retiro de servicio, responsable y evidencia. La frecuencia preventiva se fija con el manual del fabricante, la placa del equipo y el historial real de uso del"
"DOCUMENT_EVIDENCE","BLA","Blanqueado","250","R2","FIELD_CHECK","","Cada equipo debe conservar identificación técnica, revisión antes/después de uso, mantenimiento preventivo, criterio de retiro de servicio, responsable y evidencia. La frecuencia preventiva se fija con el manual del fabricante, la placa del equipo y el historial real de uso del Equipo Identificación"
"DOCUMENT_EVIDENCE","BLA","Blanqueado","250","R3","FIELD_CHECK","","responsable y evidencia. La frecuencia preventiva se fija con el manual del fabricante, la placa del equipo y el historial real de uso del Equipo Identificación Después / antes"
"DOCUMENT_EVIDENCE","BLA","Blanqueado","250","R3","FIELD_CHECK","","pérdida de función Responsable del área + bitácora de"
"DOCUMENT_EVIDENCE","BLA","Blanqueado","250","R3","FIELD_CHECK","","Responsable del área + bitácora de intervención"
"DOCUMENT_EVIDENCE","BLA","Blanqueado","250","R3","FIELD_CHECK","","área + bitácora de intervención Fuente de calor Identificación visible:"
"DOCUMENT_EVIDENCE","BLA","Blanqueado","250","R2","FIELD_CHECK","","área + bitácora de intervención Herramientas"
"DOCUMENT_EVIDENCE","BLA","Blanqueado","250","R3","FIELD_CHECK","","área + bitácora de intervención Sistema de"
"DOCUMENT_EVIDENCE","BLA","Blanqueado","250","R3","FIELD_CHECK","","área + bitácora de intervención Resguardo del"
"DOCUMENT_EVIDENCE","BLA","Blanqueado","250","R1","FIELD_CHECK","","consumibles Identificación, cierre, compatibilidad, ventilación, contención y separación de fuentes de ignición definidas por la HDS vigente del producto."
"DOCUMENT_EVIDENCE","BLA","Blanqueado","250","R1","FIELD_CHECK","","Identificación, cierre, compatibilidad, ventilación, contención y separación de fuentes de ignición definidas por la HDS vigente del producto. FOTO + HDS"
"DOCUMENT_EVIDENCE","BLA","Blanqueado","250","R1","FIELD_CHECK","","definidas por la HDS vigente del producto. FOTO + HDS Piezas en espera Zona definida, identificación visible y condición que no provoque contaminación, daño o confusión de"
"DOCUMENT_EVIDENCE","BLA","Blanqueado","250","R1","FIELD_CHECK","","FOTO + HDS Piezas en espera Zona definida, identificación visible y condición que no provoque contaminación, daño o confusión de proyecto."
"DOCUMENT_EVIDENCE","BOD","BOD","276","R1","FIELD_CHECK","BOD-AREA-04","se registra punto, lectura, fecha e instrumento cuando la iluminancia gobierna el trabajo. BOD-AREA-04 Ventilación y extracción La ventilación corresponde a la operación real. Cuando una HDS o el reconocimiento de exposición"
"DOCUMENT_EVIDENCE","BOD","BOD","276","R1","FIELD_CHECK","BOD-AREA-04","BOD-AREA-04 Ventilación y extracción La ventilación corresponde a la operación real. Cuando una HDS o el reconocimiento de exposición exige extracción localizada, el punto de generación queda capturado antes de liberar la estación."
"DOCUMENT_EVIDENCE","BOD","BOD","276","R1","FIELD_CHECK","BOD-AREA-05","La ventilación corresponde a la operación real. Cuando una HDS o el reconocimiento de exposición exige extracción localizada, el punto de generación queda capturado antes de liberar la estación. BOD-AREA-05 Emergencia"
"DOCUMENT_EVIDENCE","BOD","BOD","277","R1","FIELD_CHECK","","EVIDENCIA PARA CIERRE Una condición se declara conforme sólo cuando puede observarse, medirse o comprobarse con un registro vigente. La fotografía contextualiza; no sustituye una medición, una HDS, un mantenimiento ni la vigencia de un permiso."
"DOCUMENT_EVIDENCE","BOD","BOD","277","R1","FIELD_CHECK","","Una condición se declara conforme sólo cuando puede observarse, medirse o comprobarse con un registro vigente. La fotografía contextualiza; no sustituye una medición, una HDS, un mantenimiento ni la vigencia de un permiso. LIBRO IV / BODEGAS Y ALMACENAMIENTO / ÁREA DE TRABAJO"
"DOCUMENT_EVIDENCE","BOD","BOD","277","R1","FIELD_CHECK","","fotografía contextualiza; no sustituye una medición, una HDS, un mantenimiento ni la vigencia de un permiso. LIBRO IV / BODEGAS Y ALMACENAMIENTO / ÁREA DE TRABAJO 240 / 325 264 / 346"
"DOCUMENT_EVIDENCE","BOD","BOD","278","R3","FIELD_CHECK","","BOD / EVIDENCIA Evidencia fotográfica requerida Las tomas se preparan para demostrar el estado del área; no son imágenes decorativas."
"DOCUMENT_EVIDENCE","BOD","BOD","278","R2","FIELD_CHECK","","Las tomas se preparan para demostrar el estado del área; no son imágenes decorativas. TOMA 01 · EVIDENCIA FOTOGRÁFICA REQUERIDA Panorámica longitudinal de cada bodega mostrando pasillo completo, racks/estantería, iluminación y acceso; nada en piso fuera"
"DOCUMENT_EVIDENCE","BOD","BOD","278","R2","FIELD_CHECK","","TOMA 01 · EVIDENCIA FOTOGRÁFICA REQUERIDA Panorámica longitudinal de cada bodega mostrando pasillo completo, racks/estantería, iluminación y acceso; nada en piso fuera de ubicación definida."
"DOCUMENT_EVIDENCE","BOD","BOD","278","R3","FIELD_CHECK","","de ubicación definida. Archivo / Evidence ID: ______________________________________ Fecha: __________ TOMA 02 · EVIDENCIA FOTOGRÁFICA REQUERIDA"
"DOCUMENT_EVIDENCE","BOD","BOD","278","R1","FIELD_CHECK","","Archivo / Evidence ID: ______________________________________ Fecha: __________ TOMA 02 · EVIDENCIA FOTOGRÁFICA REQUERIDA Compendio de 3 fotos: rótulos/categorías legibles; material pesado estable; químicos/inflamables o materiales incompatibles"
"DOCUMENT_EVIDENCE","BOD","BOD","278","R1","FIELD_CHECK","","TOMA 02 · EVIDENCIA FOTOGRÁFICA REQUERIDA Compendio de 3 fotos: rótulos/categorías legibles; material pesado estable; químicos/inflamables o materiales incompatibles físicamente separados."
"DOCUMENT_EVIDENCE","BOD","BOD","278","R3","FIELD_CHECK","","físicamente separados. Archivo / Evidence ID: ______________________________________ Fecha: __________ TOMA 03 · EVIDENCIA FOTOGRÁFICA REQUERIDA"
"DOCUMENT_EVIDENCE","BOD","BOD","278","R3","FIELD_CHECK","","TOMA 03 · EVIDENCIA FOTOGRÁFICA REQUERIDA Ejemplo de ubicación inventariable: etiqueta + contenido + cantidad/posición visible sin mover material ajeno. Archivo / Evidence ID: ______________________________________ Fecha: __________"
"DOCUMENT_EVIDENCE","BOD","BOD","279","R1","FIELD_CHECK","TS-018","Si hay ventilacion artificial, el aire extraido no se descarga a otra zona ocupada; se opera antes del ingreso cuando debe purgar contaminantes. Evidencia: __________________ Hallazgo/acción: __________________ Resp.: ______ Fecha: ______ TS-018 HDS □ C □ NC □ NA □ NV"
"DOCUMENT_EVIDENCE","BOD","BOD","279","R1","FIELD_CHECK","TS-018","TS-018 HDS □ C □ NC □ NA □ NV Cada sustancia/mezcla peligrosa tiene HDS accesible a quien la usa. Evidencia: __________________ Hallazgo/acción: __________________ Resp.: ______ Fecha: ______"
"DOCUMENT_EVIDENCE","BOD","BOD","279","R1","FIELD_CHECK","","Cada sustancia/mezcla peligrosa tiene HDS accesible a quien la usa. Evidencia: __________________ Hallazgo/acción: __________________ Resp.: ______ Fecha: ______ LIBRO IV / BODEGAS Y ALMACENAMIENTO / VERIFICACIÓN"
"DOCUMENT_EVIDENCE","CAR","Carpintería / Embalaje","212","R1","FIELD_CHECK","CAR-AREA-04","se registra punto, lectura, fecha e instrumento cuando la iluminancia gobierna el trabajo. CAR-AREA-04 Ventilación y extracción La ventilación corresponde a la operación real. Cuando una HDS o el reconocimiento de exposición"
"DOCUMENT_EVIDENCE","CAR","Carpintería / Embalaje","212","R1","FIELD_CHECK","CAR-AREA-04","CAR-AREA-04 Ventilación y extracción La ventilación corresponde a la operación real. Cuando una HDS o el reconocimiento de exposición exige extracción localizada, el punto de generación queda capturado antes de liberar la estación."
"DOCUMENT_EVIDENCE","CAR","Carpintería / Embalaje","212","R1","FIELD_CHECK","CAR-AREA-05","La ventilación corresponde a la operación real. Cuando una HDS o el reconocimiento de exposición exige extracción localizada, el punto de generación queda capturado antes de liberar la estación. CAR-AREA-05 Emergencia"
"DOCUMENT_EVIDENCE","CAR","Carpintería / Embalaje","213","R1","FIELD_CHECK","","EVIDENCIA PARA CIERRE Una condición se declara conforme sólo cuando puede observarse, medirse o comprobarse con un registro vigente. La fotografía contextualiza; no sustituye una medición, una HDS, un mantenimiento ni la vigencia de un permiso."
"DOCUMENT_EVIDENCE","CAR","Carpintería / Embalaje","213","R1","FIELD_CHECK","","Una condición se declara conforme sólo cuando puede observarse, medirse o comprobarse con un registro vigente. La fotografía contextualiza; no sustituye una medición, una HDS, un mantenimiento ni la vigencia de un permiso. LIBRO IV / CARPINTERÍA, CORTE Y EMBALAJE / ÁREA DE TRABAJO"
"DOCUMENT_EVIDENCE","CAR","Carpintería / Embalaje","213","R1","FIELD_CHECK","","fotografía contextualiza; no sustituye una medición, una HDS, un mantenimiento ni la vigencia de un permiso. LIBRO IV / CARPINTERÍA, CORTE Y EMBALAJE / ÁREA DE TRABAJO 187 / 325 205 / 346"
"DOCUMENT_EVIDENCE","CAR","Carpintería / Embalaje","214","R2","FIELD_CHECK","","Cada persona se evalúa en su puesto real. Se eliminan los criterios que no apliquen a su tarea; no se usa una estación “típica” como sustituto. EVIDENCIA FOTOGRÁFICA REQUERIDA"
"DOCUMENT_EVIDENCE","CAR","Carpintería / Embalaje","214","R3","FIELD_CHECK","","“típica” como sustituto. EVIDENCIA FOTOGRÁFICA REQUERIDA Foto 1: persona/puesto completo con banco de"
"DOCUMENT_EVIDENCE","CAR","Carpintería / Embalaje","215","R3","FIELD_CHECK","","CAR / EVIDENCIA Evidencia fotográfica requerida Las tomas se preparan para demostrar el estado del área; no son imágenes decorativas."
"DOCUMENT_EVIDENCE","CAR","Carpintería / Embalaje","215","R2","FIELD_CHECK","","Las tomas se preparan para demostrar el estado del área; no son imágenes decorativas. TOMA 01 · EVIDENCIA FOTOGRÁFICA REQUERIDA Panorámica del nuevo puesto en el espacio del Sr. Pes: banco de corte, rack de madera/triplay, herramienta y límite respecto al"
"DOCUMENT_EVIDENCE","CAR","Carpintería / Embalaje","215","R1","FIELD_CHECK","","TOMA 01 · EVIDENCIA FOTOGRÁFICA REQUERIDA Panorámica del nuevo puesto en el espacio del Sr. Pes: banco de corte, rack de madera/triplay, herramienta y límite respecto al retoque. Debe verse claramente la separación de polvo frente a pintura/solventes."
"DOCUMENT_EVIDENCE","CAR","Carpintería / Embalaje","215","R1","FIELD_CHECK","","retoque. Debe verse claramente la separación de polvo frente a pintura/solventes. Archivo / Evidence ID: ______________________________________ Fecha: __________ TOMA 02 · EVIDENCIA FOTOGRÁFICA REQUERIDA"
"DOCUMENT_EVIDENCE","CAR","Carpintería / Embalaje","215","R3","FIELD_CHECK","","Archivo / Evidence ID: ______________________________________ Fecha: __________ TOMA 02 · EVIDENCIA FOTOGRÁFICA REQUERIDA Compendio de 3 fotos de corte: guarda y mesa de sierra/caladora; captura/retiro de aserrín; cables y conexión sin atravesar"
"DOCUMENT_EVIDENCE","CAR","Carpintería / Embalaje","215","R2","FIELD_CHECK","","TOMA 02 · EVIDENCIA FOTOGRÁFICA REQUERIDA Compendio de 3 fotos de corte: guarda y mesa de sierra/caladora; captura/retiro de aserrín; cables y conexión sin atravesar pasillos."
"DOCUMENT_EVIDENCE","CAR","Carpintería / Embalaje","215","R2","FIELD_CHECK","","pasillos. Archivo / Evidence ID: ______________________________________ Fecha: __________ TOMA 03 · EVIDENCIA FOTOGRÁFICA REQUERIDA"
"DOCUMENT_EVIDENCE","CAR","Carpintería / Embalaje","215","R3","FIELD_CHECK","","TOMA 03 · EVIDENCIA FOTOGRÁFICA REQUERIDA Compendio de embalaje: materiales ordenados por tipo; caja/estructura en armado; pieza ya protegida con ID de orden visible y ruta de salida despejada."
"DOCUMENT_EVIDENCE","CAR","Carpintería / Embalaje","216","R1","FIELD_CHECK","TS-018","Si hay ventilacion artificial, el aire extraido no se descarga a otra zona ocupada; se opera antes del ingreso cuando debe purgar contaminantes. Evidencia: __________________ Hallazgo/acción: __________________ Resp.: ______ Fecha: ______ TS-018 HDS □ C □ NC □ NA □ NV"
"DOCUMENT_EVIDENCE","CAR","Carpintería / Embalaje","216","R1","FIELD_CHECK","TS-018","TS-018 HDS □ C □ NC □ NA □ NV Cada sustancia/mezcla peligrosa tiene HDS accesible a quien la usa. Evidencia: __________________ Hallazgo/acción: __________________ Resp.: ______ Fecha: ______"
"DOCUMENT_EVIDENCE","CAR","Carpintería / Embalaje","216","R1","FIELD_CHECK","","Cada sustancia/mezcla peligrosa tiene HDS accesible a quien la usa. Evidencia: __________________ Hallazgo/acción: __________________ Resp.: ______ Fecha: ______ LIBRO IV / CARPINTERÍA, CORTE Y EMBALAJE / VERIFICACIÓN"
"DOCUMENT_EVIDENCE","COM","COM","295","R1","FIELD_CHECK","COM-AREA-04","se registra punto, lectura, fecha e instrumento cuando la iluminancia gobierna el trabajo. COM-AREA-04 Ventilación y extracción La ventilación corresponde a la operación real. Cuando una HDS o el reconocimiento de exposición"
"DOCUMENT_EVIDENCE","COM","COM","295","R1","FIELD_CHECK","COM-AREA-04","COM-AREA-04 Ventilación y extracción La ventilación corresponde a la operación real. Cuando una HDS o el reconocimiento de exposición exige extracción localizada, el punto de generación queda capturado antes de liberar la estación."
"DOCUMENT_EVIDENCE","COM","COM","295","R1","FIELD_CHECK","COM-AREA-05","La ventilación corresponde a la operación real. Cuando una HDS o el reconocimiento de exposición exige extracción localizada, el punto de generación queda capturado antes de liberar la estación. COM-AREA-05 Emergencia"
"DOCUMENT_EVIDENCE","COM","COM","296","R1","FIELD_CHECK","","EVIDENCIA PARA CIERRE Una condición se declara conforme sólo cuando puede observarse, medirse o comprobarse con un registro vigente. La fotografía contextualiza; no sustituye una medición, una HDS, un mantenimiento ni la vigencia de un permiso."
"DOCUMENT_EVIDENCE","COM","COM","296","R1","FIELD_CHECK","","Una condición se declara conforme sólo cuando puede observarse, medirse o comprobarse con un registro vigente. La fotografía contextualiza; no sustituye una medición, una HDS, un mantenimiento ni la vigencia de un permiso. LIBRO IV / COMEDOR / ÁREA DE TRABAJO"
"DOCUMENT_EVIDENCE","COM","COM","296","R1","FIELD_CHECK","","fotografía contextualiza; no sustituye una medición, una HDS, un mantenimiento ni la vigencia de un permiso. LIBRO IV / COMEDOR / ÁREA DE TRABAJO 255 / 325 281 / 346"
"DOCUMENT_EVIDENCE","COM","COM","297","R3","FIELD_CHECK","","COM / EVIDENCIA Evidencia fotográfica requerida Las tomas se preparan para demostrar el estado del área; no son imágenes decorativas."
"DOCUMENT_EVIDENCE","COM","COM","297","R1","FIELD_CHECK","","Las tomas se preparan para demostrar el estado del área; no son imágenes decorativas. TOMA 01 · EVIDENCIA FOTOGRÁFICA REQUERIDA Panorámica del comedor completo con mesa/asientos y separación física respecto a producción. No deben aparecer químicos,"
"DOCUMENT_EVIDENCE","COM","COM","297","R1","FIELD_CHECK","","TOMA 01 · EVIDENCIA FOTOGRÁFICA REQUERIDA Panorámica del comedor completo con mesa/asientos y separación física respecto a producción. No deben aparecer químicos, pieles, herramientas o residuos técnicos."
"DOCUMENT_EVIDENCE","COM","COM","297","R2","FIELD_CHECK","","pieles, herramientas o residuos técnicos. Archivo / Evidence ID: ______________________________________ Fecha: __________ TOMA 02 · EVIDENCIA FOTOGRÁFICA REQUERIDA"
"DOCUMENT_EVIDENCE","COM","COM","297","R3","FIELD_CHECK","","Archivo / Evidence ID: ______________________________________ Fecha: __________ TOMA 02 · EVIDENCIA FOTOGRÁFICA REQUERIDA Zona de preparación/lavado si existe: superficie limpia, agua/limpieza disponible y recipientes de basura definidos."
"DOCUMENT_EVIDENCE","COM","COM","297","R3","FIELD_CHECK","","TOMA 02 · EVIDENCIA FOTOGRÁFICA REQUERIDA Zona de preparación/lavado si existe: superficie limpia, agua/limpieza disponible y recipientes de basura definidos. Archivo / Evidence ID: ______________________________________ Fecha: __________"
"DOCUMENT_EVIDENCE","COM","COM","297","R3","FIELD_CHECK","","Zona de preparación/lavado si existe: superficie limpia, agua/limpieza disponible y recipientes de basura definidos. Archivo / Evidence ID: ______________________________________ Fecha: __________ TOMA 03 · EVIDENCIA FOTOGRÁFICA REQUERIDA"
"DOCUMENT_EVIDENCE","COM","COM","297","R3","FIELD_CHECK","","TOMA 03 · EVIDENCIA FOTOGRÁFICA REQUERIDA Estado de cierre: mesa utilizable, piso limpio y alimentos/utensilios resguardados. Archivo / Evidence ID: ______________________________________ Fecha: __________"
"DOCUMENT_EVIDENCE","COM","COM","298","R1","FIELD_CHECK","COM-AREA-04","COM-AREA-04 Ventilación y extracción □ C □ NC □ NA □ NV La ventilación corresponde a la operación real. Cuando una HDS o el reconocimiento de exposición exige extracción localizada, el punto de generación queda capturado antes de liberar la estación."
"DOCUMENT_EVIDENCE","COM","COM","298","R1","FIELD_CHECK","","La ventilación corresponde a la operación real. Cuando una HDS o el reconocimiento de exposición exige extracción localizada, el punto de generación queda capturado antes de liberar la estación. Evidencia: __________________ Hallazgo/acción: __________________ Resp.: ______ Fecha: ______"
"DOCUMENT_EVIDENCE","CUR","Curtiduría","52","R1","FIELD_CHECK","CUR-AREA-04","se registra punto, lectura, fecha e instrumento cuando la iluminancia gobierna el trabajo. CUR-AREA-04 Ventilación y extracción La ventilación corresponde a la operación real. Cuando una HDS o el reconocimiento de exposición"
"DOCUMENT_EVIDENCE","CUR","Curtiduría","52","R1","FIELD_CHECK","CUR-AREA-04","CUR-AREA-04 Ventilación y extracción La ventilación corresponde a la operación real. Cuando una HDS o el reconocimiento de exposición exige extracción localizada, el punto de generación queda capturado antes de liberar la estación."
"DOCUMENT_EVIDENCE","CUR","Curtiduría","52","R1","FIELD_CHECK","CUR-AREA-05","La ventilación corresponde a la operación real. Cuando una HDS o el reconocimiento de exposición exige extracción localizada, el punto de generación queda capturado antes de liberar la estación. CUR-AREA-05 Emergencia"
"DOCUMENT_EVIDENCE","CUR","Curtiduría","53","R1","FIELD_CHECK","CUR-AREA-08","CUR-AREA-08 Ácidos y química Ácido fórmico, ácido sulfúrico, alumbre/bicarbonato y demás productos permanecen identificados, cerrados, con HDS accesible y segregación compatible."
"DOCUMENT_EVIDENCE","CUR","Curtiduría","53","R1","FIELD_CHECK","CUR-AREA-09","Ácido fórmico, ácido sulfúrico, alumbre/bicarbonato y demás productos permanecen identificados, cerrados, con HDS accesible y segregación compatible. CUR-AREA-09 Maquinaria crítica"
"DOCUMENT_EVIDENCE","CUR","Curtiduría","53","R1","FIELD_CHECK","CUR-AREA-09","cerrados, con HDS accesible y segregación compatible. CUR-AREA-09 Maquinaria crítica Tambores, rebajadora y pateadora conservan protección, condición mecánica y método de fuera de"
"DOCUMENT_EVIDENCE","CUR","Curtiduría","53","R1","FIELD_CHECK","","EVIDENCIA PARA CIERRE Una condición se declara conforme sólo cuando puede observarse, medirse o comprobarse con un registro vigente. La fotografía contextualiza; no sustituye una medición, una HDS, un mantenimiento ni la vigencia de un permiso."
"DOCUMENT_EVIDENCE","CUR","Curtiduría","53","R1","FIELD_CHECK","","Una condición se declara conforme sólo cuando puede observarse, medirse o comprobarse con un registro vigente. La fotografía contextualiza; no sustituye una medición, una HDS, un mantenimiento ni la vigencia de un permiso. LIBRO IV / CURTIDURÍA / ÁREA DE TRABAJO"
"DOCUMENT_EVIDENCE","CUR","Curtiduría","53","R1","FIELD_CHECK","","fotografía contextualiza; no sustituye una medición, una HDS, un mantenimiento ni la vigencia de un permiso. LIBRO IV / CURTIDURÍA / ÁREA DE TRABAJO 44 / 325 50 / 346"
"DOCUMENT_EVIDENCE","CUR","Curtiduría","54","R2","FIELD_CHECK","","Cada persona se evalúa en su puesto real. Se eliminan los criterios que no apliquen a su tarea; no se usa una estación “típica” como sustituto. EVIDENCIA FOTOGRÁFICA REQUERIDA"
"DOCUMENT_EVIDENCE","CUR","Curtiduría","54","R3","FIELD_CHECK","","“típica” como sustituto. EVIDENCIA FOTOGRÁFICA REQUERIDA Foto 1: persona en su punto real de trabajo con"
"DOCUMENT_EVIDENCE","CUR","Curtiduría","54","R3","FIELD_CHECK","","• paso inmediato libre Evidence ID: __________ Fecha: __________ Responsable: __________ EVIDENCIA FOTOGRÁFICA REQUERIDA"
"DOCUMENT_EVIDENCE","CUR","Curtiduría","54","R3","FIELD_CHECK","","Evidence ID: __________ Fecha: __________ Responsable: __________ EVIDENCIA FOTOGRÁFICA REQUERIDA Foto 1: persona en su punto real de trabajo con"
"DOCUMENT_EVIDENCE","CUR","Curtiduría","56","R3","FIELD_CHECK","","CUR / EVIDENCIA Evidencia fotográfica requerida Las tomas se preparan para demostrar el estado del área; no son imágenes decorativas."
"DOCUMENT_EVIDENCE","CUR","Curtiduría","56","R2","FIELD_CHECK","","Las tomas se preparan para demostrar el estado del área; no son imágenes decorativas. TOMA 01 · EVIDENCIA FOTOGRÁFICA REQUERIDA Panorámica desde el acceso con tambores, tinas, rebajadora/pateadora, tendederos y pasillo completo. Debe permitir leer qué"
"DOCUMENT_EVIDENCE","CUR","Curtiduría","56","R2","FIELD_CHECK","","TOMA 01 · EVIDENCIA FOTOGRÁFICA REQUERIDA Panorámica desde el acceso con tambores, tinas, rebajadora/pateadora, tendederos y pasillo completo. Debe permitir leer qué está fijo, qué está en operación y qué circulación permanece libre."
"DOCUMENT_EVIDENCE","CUR","Curtiduría","56","R3","FIELD_CHECK","","está fijo, qué está en operación y qué circulación permanece libre. Archivo / Evidence ID: ______________________________________ Fecha: __________ TOMA 02 · EVIDENCIA FOTOGRÁFICA REQUERIDA"
"DOCUMENT_EVIDENCE","CUR","Curtiduría","56","R1","FIELD_CHECK","","Archivo / Evidence ID: ______________________________________ Fecha: __________ TOMA 02 · EVIDENCIA FOTOGRÁFICA REQUERIDA Compendio de 3 fotos de control químico: almacenamiento de ácidos/productos con etiquetas; HDS accesibles; punto de"
"DOCUMENT_EVIDENCE","CUR","Curtiduría","56","R1","FIELD_CHECK","","TOMA 02 · EVIDENCIA FOTOGRÁFICA REQUERIDA Compendio de 3 fotos de control químico: almacenamiento de ácidos/productos con etiquetas; HDS accesibles; punto de dosificación con EPP y recipiente identificado. Sin recipientes anónimos."
"DOCUMENT_EVIDENCE","CUR","Curtiduría","56","R1","FIELD_CHECK","","Compendio de 3 fotos de control químico: almacenamiento de ácidos/productos con etiquetas; HDS accesibles; punto de dosificación con EPP y recipiente identificado. Sin recipientes anónimos. Archivo / Evidence ID: ______________________________________ Fecha: __________"
"DOCUMENT_EVIDENCE","CUR","Curtiduría","56","R1","FIELD_CHECK","","dosificación con EPP y recipiente identificado. Sin recipientes anónimos. Archivo / Evidence ID: ______________________________________ Fecha: __________ TOMA 03 · EVIDENCIA FOTOGRÁFICA REQUERIDA"
"DOCUMENT_EVIDENCE","CUR","Curtiduría","56","R3","FIELD_CHECK","","TOMA 03 · EVIDENCIA FOTOGRÁFICA REQUERIDA Compendio de 3 fotos de zona húmeda: piso/drenaje o control de escurrimiento; rebajadora con protección; pieza/tendido identificado sin contacto con piso."
"DOCUMENT_EVIDENCE","CUR","Curtiduría","57","R1","FIELD_CHECK","TS-018","Si hay ventilacion artificial, el aire extraido no se descarga a otra zona ocupada; se opera antes del ingreso cuando debe purgar contaminantes. Evidencia: __________________ Hallazgo/acción: __________________ Resp.: ______ Fecha: ______ TS-018 HDS □ C □ NC □ NA □ NV"
"DOCUMENT_EVIDENCE","CUR","Curtiduría","57","R1","FIELD_CHECK","TS-018","TS-018 HDS □ C □ NC □ NA □ NV Cada sustancia/mezcla peligrosa tiene HDS accesible a quien la usa. Evidencia: __________________ Hallazgo/acción: __________________ Resp.: ______ Fecha: ______"
"DOCUMENT_EVIDENCE","CUR","Curtiduría","57","R1","FIELD_CHECK","","Cada sustancia/mezcla peligrosa tiene HDS accesible a quien la usa. Evidencia: __________________ Hallazgo/acción: __________________ Resp.: ______ Fecha: ______ LIBRO IV / CURTIDURÍA / VERIFICACIÓN"
"DOCUMENT_EVIDENCE","CUR","Curtiduría","59","R1","FIELD_CHECK","TS-044","RESULTADO: C = Conforme NC = No conforme NA = No aplica (justificar) NV = No verificado TS-044 Acidos □ C □ NC □ NA □ NV Acido formico/sulfurico y otros quimicos en recipientes identificados, cerrados y almacenados por HDS/compatibilidad."
"DOCUMENT_EVIDENCE","CUR","Curtiduría","59","R1","FIELD_CHECK","TS-044","TS-044 Acidos □ C □ NC □ NA □ NV Acido formico/sulfurico y otros quimicos en recipientes identificados, cerrados y almacenados por HDS/compatibilidad. Evidencia: __________________ Hallazgo/acción: __________________ Resp.: ______ Fecha: ______"
"DOCUMENT_EVIDENCE","CUR","Curtiduría","59","R1","FIELD_CHECK","TS-045","Acido formico/sulfurico y otros quimicos en recipientes identificados, cerrados y almacenados por HDS/compatibilidad. Evidencia: __________________ Hallazgo/acción: __________________ Resp.: ______ Fecha: ______ TS-045 Lavado-emergencia □ C □ NC □ NA □ NV"
"DOCUMENT_EVIDENCE","CUR","Curtiduría","59","R1","FIELD_CHECK","TS-045","TS-045 Lavado-emergencia □ C □ NC □ NA □ NV Donde exista riesgo real de salpicadura corrosiva, existe respuesta inmediata de lavado de ojos/piel compatible con HDS y analisis. Evidencia: __________________ Hallazgo/acción: __________________ Resp.: ______ Fecha: ______"
"DOCUMENT_EVIDENCE","CUR","Curtiduría","59","R1","FIELD_CHECK","TS-046","Donde exista riesgo real de salpicadura corrosiva, existe respuesta inmediata de lavado de ojos/piel compatible con HDS y analisis. Evidencia: __________________ Hallazgo/acción: __________________ Resp.: ______ Fecha: ______ TS-046 Tambores □ C □ NC □ NA □ NV"
"DOCUMENT_EVIDENCE","CUR","Curtiduría","59","R1","FIELD_CHECK","TS-049","TS-049 Ventilacion-quimica □ C □ NC □ NA □ NV Picle/curtido/engrase tienen ventilacion compatible con productos; si reconocimiento/HDS indica vapor contaminante, instalar extraccion localizada."
"DOCUMENT_EVIDENCE","CUR","Curtiduría","59","R1","FIELD_CHECK","","Picle/curtido/engrase tienen ventilacion compatible con productos; si reconocimiento/HDS indica vapor contaminante, instalar extraccion localizada. Evidencia: __________________ Hallazgo/acción: __________________ Resp.: ______ Fecha: ______"
"DOCUMENT_EVIDENCE","CUR","Curtiduría","64","R1","FIELD_CHECK","","cuando se detecta una condición que pueda comprometer la conservación o el resultado posterior. Registrar especie, nombre del dueño y número de permiso. Colocar etiqueta y cincho."
"DOCUMENT_EVIDENCE","CUR","Curtiduría","64","R1","FIELD_CHECK","","el resultado posterior. Registrar especie, nombre del dueño y número de permiso. Colocar etiqueta y cincho. Antes de pasar a Hidratación, la identificación debe permanecer unida a la"
"DOCUMENT_EVIDENCE","CUR","Curtiduría","64","R1","FIELD_CHECK","","permiso. Colocar etiqueta y cincho. Antes de pasar a Hidratación, la identificación debe permanecer unida a la piel y la condición de entrada debe quedar advertida."
"DOCUMENT_EVIDENCE","CUR","Curtiduría","83","R2","FIELD_CHECK","","Mantenimiento, limpieza y resguardo Cada equipo debe conservar identificación técnica, revisión antes/después de uso, mantenimiento preventivo, criterio de retiro de servicio, responsable y evidencia. La frecuencia preventiva se fija con el manual del fabricante, la placa del equipo y el historial real de uso del"
"DOCUMENT_EVIDENCE","CUR","Curtiduría","83","R2","FIELD_CHECK","","Cada equipo debe conservar identificación técnica, revisión antes/después de uso, mantenimiento preventivo, criterio de retiro de servicio, responsable y evidencia. La frecuencia preventiva se fija con el manual del fabricante, la placa del equipo y el historial real de uso del Equipo Identificación"
"DOCUMENT_EVIDENCE","CUR","Curtiduría","83","R3","FIELD_CHECK","","responsable y evidencia. La frecuencia preventiva se fija con el manual del fabricante, la placa del equipo y el historial real de uso del Equipo Identificación Después / antes"
"DOCUMENT_EVIDENCE","CUR","Curtiduría","83","R3","FIELD_CHECK","","pérdida de función Responsable del área + bitácora de"
"DOCUMENT_EVIDENCE","CUR","Curtiduría","83","R3","FIELD_CHECK","","Responsable del área + bitácora de intervención"
"DOCUMENT_EVIDENCE","CUR","Curtiduría","83","R3","FIELD_CHECK","","área + bitácora de intervención Tambor de"
"DOCUMENT_EVIDENCE","CUR","Curtiduría","83","R3","FIELD_CHECK","","área + bitácora de intervención Rebajadora de"
"DOCUMENT_EVIDENCE","CUR","Curtiduría","83","R3","FIELD_CHECK","","área + bitácora de intervención Pateadora Identificación visible:"
"DOCUMENT_EVIDENCE","CUR","Curtiduría","83","R2","FIELD_CHECK","","área + bitácora de intervención Báscula Identificación visible:"
"DOCUMENT_EVIDENCE","CUR","Curtiduría","83","R3","FIELD_CHECK","","área + bitácora de intervención hidratación/"
"DOCUMENT_EVIDENCE","CUR","Curtiduría","83","R3","FIELD_CHECK","","área + bitácora de intervención Cuchilla,"
"DOCUMENT_EVIDENCE","CUR","Curtiduría","83","R3","FIELD_CHECK","","área + bitácora de intervención Tendederos/"
"DOCUMENT_EVIDENCE","CUR","Curtiduría","83","R3","FIELD_CHECK","","área + bitácora de intervención Resguardo del"
"DOCUMENT_EVIDENCE","CUR","Curtiduría","83","R1","FIELD_CHECK","","consumibles Identificación, cierre, compatibilidad, ventilación, contención y separación de fuentes de ignición definidas por la HDS vigente del producto."
"DOCUMENT_EVIDENCE","CUR","Curtiduría","83","R1","FIELD_CHECK","","Identificación, cierre, compatibilidad, ventilación, contención y separación de fuentes de ignición definidas por la HDS vigente del producto. FOTO + HDS"
"DOCUMENT_EVIDENCE","CUR","Curtiduría","83","R1","FIELD_CHECK","","definidas por la HDS vigente del producto. FOTO + HDS LIBRO IV / CURTIDURÍA / METODOLOGÍA 94 / 474"
"DOCUMENT_EVIDENCE","CUR","Curtiduría","83","R1","FIELD_CHECK","","FOTO + HDS LIBRO IV / CURTIDURÍA / METODOLOGÍA 94 / 474 ROCA TAXIDERMY · PRE-CAMPO · PRE-ENTREVISTAS"
"DOCUMENT_EVIDENCE","ERP","ERP","264","R1","CONFIRM_FIRST","","comunicaciones con cliente/proveedor PENDIENTES DE CIERRE cerrar catálogo exacto de estados y permisos de usuario"
"DOCUMENT_EVIDENCE","ERP","ERP","264","R1","CONFIRM_FIRST","","PENDIENTES DE CIERRE cerrar catálogo exacto de estados y permisos de usuario definir campos obligatorios por evento"
"DOCUMENT_EVIDENCE","ERP","ERP","264","R1","CONFIRM_FIRST","","cerrar catálogo exacto de estados y permisos de usuario definir campos obligatorios por evento ROCA TAXIDERMY · MASTER INTEGRAL · PRE-CAMPO / PENDIENTES ABIERTOS"
"DOCUMENT_EVIDENCE","ERP","ERP","265","R1","FIELD_CHECK","ERP-AREA-04","se registra punto, lectura, fecha e instrumento cuando la iluminancia gobierna el trabajo. ERP-AREA-04 Ventilación y extracción La ventilación corresponde a la operación real. Cuando una HDS o el reconocimiento de exposición"
"DOCUMENT_EVIDENCE","ERP","ERP","265","R1","FIELD_CHECK","ERP-AREA-04","ERP-AREA-04 Ventilación y extracción La ventilación corresponde a la operación real. Cuando una HDS o el reconocimiento de exposición exige extracción localizada, el punto de generación queda capturado antes de liberar la estación."
"DOCUMENT_EVIDENCE","ERP","ERP","265","R1","FIELD_CHECK","ERP-AREA-05","La ventilación corresponde a la operación real. Cuando una HDS o el reconocimiento de exposición exige extracción localizada, el punto de generación queda capturado antes de liberar la estación. ERP-AREA-05 Emergencia"
"DOCUMENT_EVIDENCE","ERP","ERP","266","R2","FIELD_CHECK","ERP-AREA-08","información sensible expuesta. ERP-AREA-08 Continuidad digital BIWO/ERP y expedientes usan el mismo identificador del trabajo; cambios de estado, saldo, inventario y"
"DOCUMENT_EVIDENCE","ERP","ERP","266","R2","FIELD_CHECK","ERP-AREA-08","ERP-AREA-08 Continuidad digital BIWO/ERP y expedientes usan el mismo identificador del trabajo; cambios de estado, saldo, inventario y siguiente acción se reconcilian."
"DOCUMENT_EVIDENCE","ERP","ERP","266","R2","FIELD_CHECK","","BIWO/ERP y expedientes usan el mismo identificador del trabajo; cambios de estado, saldo, inventario y siguiente acción se reconcilian. EVIDENCIA PARA CIERRE"
"DOCUMENT_EVIDENCE","ERP","ERP","266","R1","FIELD_CHECK","","EVIDENCIA PARA CIERRE Una condición se declara conforme sólo cuando puede observarse, medirse o comprobarse con un registro vigente. La fotografía contextualiza; no sustituye una medición, una HDS, un mantenimiento ni la vigencia de un permiso."
"DOCUMENT_EVIDENCE","ERP","ERP","266","R1","FIELD_CHECK","","Una condición se declara conforme sólo cuando puede observarse, medirse o comprobarse con un registro vigente. La fotografía contextualiza; no sustituye una medición, una HDS, un mantenimiento ni la vigencia de un permiso. LIBRO IV / OFICINA / BIWO / ERP / COMERCIO / ÁREA DE TRABAJO"
"DOCUMENT_EVIDENCE","ERP","ERP","266","R1","FIELD_CHECK","","fotografía contextualiza; no sustituye una medición, una HDS, un mantenimiento ni la vigencia de un permiso. LIBRO IV / OFICINA / BIWO / ERP / COMERCIO / ÁREA DE TRABAJO 232 / 325 254 / 346"
"DOCUMENT_EVIDENCE","ERP","ERP","267","R2","FIELD_CHECK","","Cada persona se evalúa en su puesto real. Se eliminan los criterios que no apliquen a su tarea; no se usa una estación “típica” como sustituto. EVIDENCIA FOTOGRÁFICA REQUERIDA"
"DOCUMENT_EVIDENCE","ERP","ERP","267","R2","FIELD_CHECK","","“típica” como sustituto. EVIDENCIA FOTOGRÁFICA REQUERIDA Foto 1: persona en estación BIWO/ERP sin"
"DOCUMENT_EVIDENCE","ERP","ERP","267","R2","FIELD_CHECK","","Foto 1: persona en estación BIWO/ERP sin datos personales legibles. Foto 2: organización de expediente/archivos. Foto 3: pantalla y"
"DOCUMENT_EVIDENCE","ERP","ERP","267","R3","FIELD_CHECK","","datos personales legibles. Foto 2: organización de expediente/archivos. Foto 3: pantalla y puesto al cierre con información protegida."
"DOCUMENT_EVIDENCE","ERP","ERP","267","R3","FIELD_CHECK","","de expediente/archivos. Foto 3: pantalla y puesto al cierre con información protegida. César Morales"
"DOCUMENT_EVIDENCE","ERP","ERP","268","R3","FIELD_CHECK","","ERP / EVIDENCIA Evidencia fotográfica requerida Las tomas se preparan para demostrar el estado del área; no son imágenes decorativas."
"DOCUMENT_EVIDENCE","ERP","ERP","268","R3","FIELD_CHECK","","Las tomas se preparan para demostrar el estado del área; no son imágenes decorativas. TOMA 01 · EVIDENCIA FOTOGRÁFICA REQUERIDA Panorámica del puesto administrativo con pantalla orientada para no mostrar datos de cliente; archivo físico/digital y superficie"
"DOCUMENT_EVIDENCE","ERP","ERP","268","R3","FIELD_CHECK","","TOMA 01 · EVIDENCIA FOTOGRÁFICA REQUERIDA Panorámica del puesto administrativo con pantalla orientada para no mostrar datos de cliente; archivo físico/digital y superficie de trabajo ordenada."
"DOCUMENT_EVIDENCE","ERP","ERP","268","R3","FIELD_CHECK","","de trabajo ordenada. Archivo / Evidence ID: ______________________________________ Fecha: __________ TOMA 02 · EVIDENCIA FOTOGRÁFICA REQUERIDA"
"DOCUMENT_EVIDENCE","ERP","ERP","268","R2","FIELD_CHECK","","Archivo / Evidence ID: ______________________________________ Fecha: __________ TOMA 02 · EVIDENCIA FOTOGRÁFICA REQUERIDA Ejemplo de orden en BIWO/ERP con datos anonimizados: ID de trabajo, estado físico, saldo/compromiso y siguiente acción"
"DOCUMENT_EVIDENCE","ERP","ERP","268","R2","FIELD_CHECK","","TOMA 02 · EVIDENCIA FOTOGRÁFICA REQUERIDA Ejemplo de orden en BIWO/ERP con datos anonimizados: ID de trabajo, estado físico, saldo/compromiso y siguiente acción visibles en una sola evidencia controlada."
"DOCUMENT_EVIDENCE","ERP","ERP","268","R3","FIELD_CHECK","","visibles en una sola evidencia controlada. Archivo / Evidence ID: ______________________________________ Fecha: __________ TOMA 03 · EVIDENCIA FOTOGRÁFICA REQUERIDA"
"DOCUMENT_EVIDENCE","ERP","ERP","268","R1","FIELD_CHECK","","TOMA 03 · EVIDENCIA FOTOGRÁFICA REQUERIDA Resguardo documental: permisos/expedientes en archivo identificado y acceso controlado; sin contraseñas, tarjetas o identificaciones expuestas."
"DOCUMENT_EVIDENCE","ERP","ERP","268","R1","FIELD_CHECK","","Resguardo documental: permisos/expedientes en archivo identificado y acceso controlado; sin contraseñas, tarjetas o identificaciones expuestas. Archivo / Evidence ID: ______________________________________ Fecha: __________"
"DOCUMENT_EVIDENCE","ERP","ERP","269","R1","FIELD_CHECK","TS-018","Si hay ventilacion artificial, el aire extraido no se descarga a otra zona ocupada; se opera antes del ingreso cuando debe purgar contaminantes. Evidencia: __________________ Hallazgo/acción: __________________ Resp.: ______ Fecha: ______ TS-018 HDS □ C □ NC □ NA □ NV"
"DOCUMENT_EVIDENCE","ERP","ERP","269","R1","FIELD_CHECK","TS-018","TS-018 HDS □ C □ NC □ NA □ NV Cada sustancia/mezcla peligrosa tiene HDS accesible a quien la usa. Evidencia: __________________ Hallazgo/acción: __________________ Resp.: ______ Fecha: ______"
"DOCUMENT_EVIDENCE","ERP","ERP","269","R1","FIELD_CHECK","","Cada sustancia/mezcla peligrosa tiene HDS accesible a quien la usa. Evidencia: __________________ Hallazgo/acción: __________________ Resp.: ______ Fecha: ______ LIBRO IV / OFICINA / BIWO / ERP / COMERCIO / VERIFICACIÓN"
"DOCUMENT_EVIDENCE","ERP","ERP","270","R1","FIELD_CHECK","TS-110","TS-110 Privacidad-pantalla □ C □ NC □ NA □ NV Pantallas/documentos con clientes, saldos, permisos y datos sensibles no quedan visibles al publico ni en fotos de manual. Evidencia: __________________ Hallazgo/acción: __________________ Resp.: ______ Fecha: ______"
"DOCUMENT_EVIDENCE","ERP","ERP","270","R1","FIELD_CHECK","","Pantallas/documentos con clientes, saldos, permisos y datos sensibles no quedan visibles al publico ni en fotos de manual. Evidencia: __________________ Hallazgo/acción: __________________ Resp.: ______ Fecha: ______ LIBRO IV / OFICINA / BIWO / ERP / COMERCIO / VERIFICACIÓN"
"DOCUMENT_EVIDENCE","EXH","EXH","285","R1","FIELD_CHECK","EXH-AREA-04","se registra punto, lectura, fecha e instrumento cuando la iluminancia gobierna el trabajo. EXH-AREA-04 Ventilación y extracción La ventilación corresponde a la operación real. Cuando una HDS o el reconocimiento de exposición"
"DOCUMENT_EVIDENCE","EXH","EXH","285","R1","FIELD_CHECK","EXH-AREA-04","EXH-AREA-04 Ventilación y extracción La ventilación corresponde a la operación real. Cuando una HDS o el reconocimiento de exposición exige extracción localizada, el punto de generación queda capturado antes de liberar la estación."
"DOCUMENT_EVIDENCE","EXH","EXH","285","R1","FIELD_CHECK","EXH-AREA-05","La ventilación corresponde a la operación real. Cuando una HDS o el reconocimiento de exposición exige extracción localizada, el punto de generación queda capturado antes de liberar la estación. EXH-AREA-05 Emergencia"
"DOCUMENT_EVIDENCE","EXH","EXH","286","R1","FIELD_CHECK","","EVIDENCIA PARA CIERRE Una condición se declara conforme sólo cuando puede observarse, medirse o comprobarse con un registro vigente. La fotografía contextualiza; no sustituye una medición, una HDS, un mantenimiento ni la vigencia de un permiso."
"DOCUMENT_EVIDENCE","EXH","EXH","286","R1","FIELD_CHECK","","Una condición se declara conforme sólo cuando puede observarse, medirse o comprobarse con un registro vigente. La fotografía contextualiza; no sustituye una medición, una HDS, un mantenimiento ni la vigencia de un permiso. LIBRO IV / SALA DE EXHIBICIÓN / ÁREA DE TRABAJO"
"DOCUMENT_EVIDENCE","EXH","EXH","286","R1","FIELD_CHECK","","fotografía contextualiza; no sustituye una medición, una HDS, un mantenimiento ni la vigencia de un permiso. LIBRO IV / SALA DE EXHIBICIÓN / ÁREA DE TRABAJO 247 / 325 272 / 346"
"DOCUMENT_EVIDENCE","EXH","EXH","287","R3","FIELD_CHECK","","EXH / EVIDENCIA Evidencia fotográfica requerida Las tomas se preparan para demostrar el estado del área; no son imágenes decorativas."
"DOCUMENT_EVIDENCE","EXH","EXH","287","R3","FIELD_CHECK","","Las tomas se preparan para demostrar el estado del área; no son imágenes decorativas. TOMA 01 · EVIDENCIA FOTOGRÁFICA REQUERIDA Panorámica completa del salón con piezas, bases y circulación; demostrar que ningún elemento bloquea acceso o ruta."
"DOCUMENT_EVIDENCE","EXH","EXH","287","R3","FIELD_CHECK","","TOMA 01 · EVIDENCIA FOTOGRÁFICA REQUERIDA Panorámica completa del salón con piezas, bases y circulación; demostrar que ningún elemento bloquea acceso o ruta. Archivo / Evidence ID: ______________________________________ Fecha: __________"
"DOCUMENT_EVIDENCE","EXH","EXH","287","R3","FIELD_CHECK","","Panorámica completa del salón con piezas, bases y circulación; demostrar que ningún elemento bloquea acceso o ruta. Archivo / Evidence ID: ______________________________________ Fecha: __________ TOMA 02 · EVIDENCIA FOTOGRÁFICA REQUERIDA"
"DOCUMENT_EVIDENCE","EXH","EXH","287","R3","FIELD_CHECK","","Archivo / Evidence ID: ______________________________________ Fecha: __________ TOMA 02 · EVIDENCIA FOTOGRÁFICA REQUERIDA Detalle de una pieza/base estable y limpia, con separación suficiente para inspección y traslado."
"DOCUMENT_EVIDENCE","EXH","EXH","287","R3","FIELD_CHECK","","TOMA 02 · EVIDENCIA FOTOGRÁFICA REQUERIDA Detalle de una pieza/base estable y limpia, con separación suficiente para inspección y traslado. Archivo / Evidence ID: ______________________________________ Fecha: __________"
"DOCUMENT_EVIDENCE","EXH","EXH","287","R3","FIELD_CHECK","","Detalle de una pieza/base estable y limpia, con separación suficiente para inspección y traslado. Archivo / Evidence ID: ______________________________________ Fecha: __________ TOMA 03 · EVIDENCIA FOTOGRÁFICA REQUERIDA"
"DOCUMENT_EVIDENCE","EXH","EXH","287","R2","FIELD_CHECK","","TOMA 03 · EVIDENCIA FOTOGRÁFICA REQUERIDA Iluminación y condición general: toma desde el acceso que muestre lectura visual uniforme sin almacenamiento temporal mezclado con exhibición."
"DOCUMENT_EVIDENCE","EXH","EXH","288","R1","FIELD_CHECK","TS-018","Si hay ventilacion artificial, el aire extraido no se descarga a otra zona ocupada; se opera antes del ingreso cuando debe purgar contaminantes. Evidencia: __________________ Hallazgo/acción: __________________ Resp.: ______ Fecha: ______ TS-018 HDS □ C □ NC □ NA □ NV"
"DOCUMENT_EVIDENCE","EXH","EXH","288","R1","FIELD_CHECK","TS-018","TS-018 HDS □ C □ NC □ NA □ NV Cada sustancia/mezcla peligrosa tiene HDS accesible a quien la usa. Evidencia: __________________ Hallazgo/acción: __________________ Resp.: ______ Fecha: ______"
"DOCUMENT_EVIDENCE","EXH","EXH","288","R1","FIELD_CHECK","","Cada sustancia/mezcla peligrosa tiene HDS accesible a quien la usa. Evidencia: __________________ Hallazgo/acción: __________________ Resp.: ______ Fecha: ______ LIBRO IV / SALA DE EXHIBICIÓN / VERIFICACIÓN"
"DOCUMENT_EVIDENCE","EXT","EXT","255","R1","FIELD_CHECK","EXT-AREA-04","se registra punto, lectura, fecha e instrumento cuando la iluminancia gobierna el trabajo. EXT-AREA-04 Ventilación y extracción La ventilación corresponde a la operación real. Cuando una HDS o el reconocimiento de exposición"
"DOCUMENT_EVIDENCE","EXT","EXT","255","R1","FIELD_CHECK","EXT-AREA-04","EXT-AREA-04 Ventilación y extracción La ventilación corresponde a la operación real. Cuando una HDS o el reconocimiento de exposición exige extracción localizada, el punto de generación queda capturado antes de liberar la estación."
"DOCUMENT_EVIDENCE","EXT","EXT","255","R1","FIELD_CHECK","EXT-AREA-05","La ventilación corresponde a la operación real. Cuando una HDS o el reconocimiento de exposición exige extracción localizada, el punto de generación queda capturado antes de liberar la estación. EXT-AREA-05 Emergencia"
"DOCUMENT_EVIDENCE","EXT","EXT","256","R1","FIELD_CHECK","","EVIDENCIA PARA CIERRE Una condición se declara conforme sólo cuando puede observarse, medirse o comprobarse con un registro vigente. La fotografía contextualiza; no sustituye una medición, una HDS, un mantenimiento ni la vigencia de un permiso."
"DOCUMENT_EVIDENCE","EXT","EXT","256","R1","FIELD_CHECK","","Una condición se declara conforme sólo cuando puede observarse, medirse o comprobarse con un registro vigente. La fotografía contextualiza; no sustituye una medición, una HDS, un mantenimiento ni la vigencia de un permiso. LIBRO IV / EXTERIOR, CARGA Y PREPARACIÓN / ÁREA DE TRABAJO"
"DOCUMENT_EVIDENCE","EXT","EXT","256","R1","FIELD_CHECK","","fotografía contextualiza; no sustituye una medición, una HDS, un mantenimiento ni la vigencia de un permiso. LIBRO IV / EXTERIOR, CARGA Y PREPARACIÓN / ÁREA DE TRABAJO 224 / 325 245 / 346"
"DOCUMENT_EVIDENCE","EXT","EXT","257","R3","FIELD_CHECK","","EXT / EVIDENCIA Evidencia fotográfica requerida Las tomas se preparan para demostrar el estado del área; no son imágenes decorativas."
"DOCUMENT_EVIDENCE","EXT","EXT","257","R3","FIELD_CHECK","","Las tomas se preparan para demostrar el estado del área; no son imágenes decorativas. TOMA 01 · EVIDENCIA FOTOGRÁFICA REQUERIDA Vista amplia de la zona de carga/descarga con vehículo o referencia de acceso, circulación peatonal y espacio de maniobra"
"DOCUMENT_EVIDENCE","EXT","EXT","257","R3","FIELD_CHECK","","TOMA 01 · EVIDENCIA FOTOGRÁFICA REQUERIDA Vista amplia de la zona de carga/descarga con vehículo o referencia de acceso, circulación peatonal y espacio de maniobra Archivo / Evidence ID: ______________________________________ Fecha: __________"
"DOCUMENT_EVIDENCE","EXT","EXT","257","R3","FIELD_CHECK","","Vista amplia de la zona de carga/descarga con vehículo o referencia de acceso, circulación peatonal y espacio de maniobra Archivo / Evidence ID: ______________________________________ Fecha: __________ TOMA 02 · EVIDENCIA FOTOGRÁFICA REQUERIDA"
"DOCUMENT_EVIDENCE","EXT","EXT","257","R3","FIELD_CHECK","","Archivo / Evidence ID: ______________________________________ Fecha: __________ TOMA 02 · EVIDENCIA FOTOGRÁFICA REQUERIDA Pieza embalada o en espera con ID de orden visible, protegida de golpe/intemperie y sin bloquear una salida."
"DOCUMENT_EVIDENCE","EXT","EXT","257","R3","FIELD_CHECK","","TOMA 02 · EVIDENCIA FOTOGRÁFICA REQUERIDA Pieza embalada o en espera con ID de orden visible, protegida de golpe/intemperie y sin bloquear una salida. Archivo / Evidence ID: ______________________________________ Fecha: __________"
"DOCUMENT_EVIDENCE","EXT","EXT","257","R3","FIELD_CHECK","","Pieza embalada o en espera con ID de orden visible, protegida de golpe/intemperie y sin bloquear una salida. Archivo / Evidence ID: ______________________________________ Fecha: __________ TOMA 03 · EVIDENCIA FOTOGRÁFICA REQUERIDA"
"DOCUMENT_EVIDENCE","EXT","EXT","257","R3","FIELD_CHECK","","TOMA 03 · EVIDENCIA FOTOGRÁFICA REQUERIDA Ruta desde salida del taller hasta punto de carga: secuencia de 2–3 fotos que pruebe que no hay obstáculos ni cambios de identidad."
"DOCUMENT_EVIDENCE","EXT","EXT","258","R1","FIELD_CHECK","TS-018","Si hay ventilacion artificial, el aire extraido no se descarga a otra zona ocupada; se opera antes del ingreso cuando debe purgar contaminantes. Evidencia: __________________ Hallazgo/acción: __________________ Resp.: ______ Fecha: ______ TS-018 HDS □ C □ NC □ NA □ NV"
"DOCUMENT_EVIDENCE","EXT","EXT","258","R1","FIELD_CHECK","TS-018","TS-018 HDS □ C □ NC □ NA □ NV Cada sustancia/mezcla peligrosa tiene HDS accesible a quien la usa. Evidencia: __________________ Hallazgo/acción: __________________ Resp.: ______ Fecha: ______"
"DOCUMENT_EVIDENCE","EXT","EXT","258","R1","FIELD_CHECK","","Cada sustancia/mezcla peligrosa tiene HDS accesible a quien la usa. Evidencia: __________________ Hallazgo/acción: __________________ Resp.: ______ Fecha: ______ LIBRO IV / EXTERIOR, CARGA Y PREPARACIÓN / VERIFICACIÓN"
"DOCUMENT_EVIDENCE","FMR","Formas, Moldes y Réplicas","90","R1","FIELD_CHECK","FMR-AREA-04","se registra punto, lectura, fecha e instrumento cuando la iluminancia gobierna el trabajo. FMR-AREA-04 Ventilación y extracción La ventilación corresponde a la operación real. Cuando una HDS o el reconocimiento de exposición"
"DOCUMENT_EVIDENCE","FMR","Formas, Moldes y Réplicas","90","R1","FIELD_CHECK","FMR-AREA-04","FMR-AREA-04 Ventilación y extracción La ventilación corresponde a la operación real. Cuando una HDS o el reconocimiento de exposición exige extracción localizada, el punto de generación queda capturado antes de liberar la estación."
"DOCUMENT_EVIDENCE","FMR","Formas, Moldes y Réplicas","90","R1","FIELD_CHECK","FMR-AREA-05","La ventilación corresponde a la operación real. Cuando una HDS o el reconocimiento de exposición exige extracción localizada, el punto de generación queda capturado antes de liberar la estación. FMR-AREA-05 Emergencia"
"DOCUMENT_EVIDENCE","FMR","Formas, Moldes y Réplicas","91","R1","FIELD_CHECK","","EVIDENCIA PARA CIERRE Una condición se declara conforme sólo cuando puede observarse, medirse o comprobarse con un registro vigente. La fotografía contextualiza; no sustituye una medición, una HDS, un mantenimiento ni la vigencia de un permiso."
"DOCUMENT_EVIDENCE","FMR","Formas, Moldes y Réplicas","91","R1","FIELD_CHECK","","Una condición se declara conforme sólo cuando puede observarse, medirse o comprobarse con un registro vigente. La fotografía contextualiza; no sustituye una medición, una HDS, un mantenimiento ni la vigencia de un permiso. LIBRO IV / FORMAS, MOLDES Y RÉPLICAS / ÁREA DE TRABAJO"
"DOCUMENT_EVIDENCE","FMR","Formas, Moldes y Réplicas","91","R1","FIELD_CHECK","","fotografía contextualiza; no sustituye una medición, una HDS, un mantenimiento ni la vigencia de un permiso. LIBRO IV / FORMAS, MOLDES Y RÉPLICAS / ÁREA DE TRABAJO 79 / 325 87 / 346"
"DOCUMENT_EVIDENCE","FMR","Formas, Moldes y Réplicas","92","R2","FIELD_CHECK","","Cada persona se evalúa en su puesto real. Se eliminan los criterios que no apliquen a su tarea; no se usa una estación “típica” como sustituto. EVIDENCIA FOTOGRÁFICA REQUERIDA"
"DOCUMENT_EVIDENCE","FMR","Formas, Moldes y Réplicas","92","R3","FIELD_CHECK","","“típica” como sustituto. EVIDENCIA FOTOGRÁFICA REQUERIDA Foto 1: persona en mesa/molde real. Foto 2:"
"DOCUMENT_EVIDENCE","FMR","Formas, Moldes y Réplicas","93","R3","FIELD_CHECK","","FMR / EVIDENCIA Evidencia fotográfica requerida Las tomas se preparan para demostrar el estado del área; no son imágenes decorativas."
"DOCUMENT_EVIDENCE","FMR","Formas, Moldes y Réplicas","93","R3","FIELD_CHECK","","Las tomas se preparan para demostrar el estado del área; no son imágenes decorativas. TOMA 01 · EVIDENCIA FOTOGRÁFICA REQUERIDA Panorámica del área común mostrando mesa de mezcla, moldes/formas almacenados, circulación y puntos de curado/espera. La"
"DOCUMENT_EVIDENCE","FMR","Formas, Moldes y Réplicas","93","R2","FIELD_CHECK","","TOMA 01 · EVIDENCIA FOTOGRÁFICA REQUERIDA Panorámica del área común mostrando mesa de mezcla, moldes/formas almacenados, circulación y puntos de curado/espera. La imagen debe demostrar separación entre producción y almacenamiento."
"DOCUMENT_EVIDENCE","FMR","Formas, Moldes y Réplicas","93","R2","FIELD_CHECK","","imagen debe demostrar separación entre producción y almacenamiento. Archivo / Evidence ID: ______________________________________ Fecha: __________ TOMA 02 · EVIDENCIA FOTOGRÁFICA REQUERIDA"
"DOCUMENT_EVIDENCE","FMR","Formas, Moldes y Réplicas","93","R3","FIELD_CHECK","","Archivo / Evidence ID: ______________________________________ Fecha: __________ TOMA 02 · EVIDENCIA FOTOGRÁFICA REQUERIDA Compendio de 3 fotos del punto de mezcla: envases A/B o resina/catalizador identificados; recipiente de dosificación;"
"DOCUMENT_EVIDENCE","FMR","Formas, Moldes y Réplicas","93","R1","FIELD_CHECK","","TOMA 02 · EVIDENCIA FOTOGRÁFICA REQUERIDA Compendio de 3 fotos del punto de mezcla: envases A/B o resina/catalizador identificados; recipiente de dosificación; ventilación/extracción o condición abierta del punto real de trabajo."
"DOCUMENT_EVIDENCE","FMR","Formas, Moldes y Réplicas","93","R1","FIELD_CHECK","","ventilación/extracción o condición abierta del punto real de trabajo. Archivo / Evidence ID: ______________________________________ Fecha: __________ TOMA 03 · EVIDENCIA FOTOGRÁFICA REQUERIDA"
"DOCUMENT_EVIDENCE","FMR","Formas, Moldes y Réplicas","93","R2","FIELD_CHECK","","TOMA 03 · EVIDENCIA FOTOGRÁFICA REQUERIDA Rack/almacenamiento completo: formas y moldes apoyados sin deformación, identificación visible y piezas fuera de rack únicamente cuando estén en uso."
"DOCUMENT_EVIDENCE","FMR","Formas, Moldes y Réplicas","94","R1","FIELD_CHECK","TS-018","Si hay ventilacion artificial, el aire extraido no se descarga a otra zona ocupada; se opera antes del ingreso cuando debe purgar contaminantes. Evidencia: __________________ Hallazgo/acción: __________________ Resp.: ______ Fecha: ______ TS-018 HDS □ C □ NC □ NA □ NV"
"DOCUMENT_EVIDENCE","FMR","Formas, Moldes y Réplicas","94","R1","FIELD_CHECK","TS-018","TS-018 HDS □ C □ NC □ NA □ NV Cada sustancia/mezcla peligrosa tiene HDS accesible a quien la usa. Evidencia: __________________ Hallazgo/acción: __________________ Resp.: ______ Fecha: ______"
"DOCUMENT_EVIDENCE","FMR","Formas, Moldes y Réplicas","94","R1","FIELD_CHECK","","Cada sustancia/mezcla peligrosa tiene HDS accesible a quien la usa. Evidencia: __________________ Hallazgo/acción: __________________ Resp.: ______ Fecha: ______ LIBRO IV / FORMAS, MOLDES Y RÉPLICAS / VERIFICACIÓN"
"DOCUMENT_EVIDENCE","FMR","Formas, Moldes y Réplicas","95","R1","FIELD_CHECK","TS-085","TS-085 A-B □ C □ NC □ NA □ NV Componentes A/B identificados, cerrados, separados y con HDS. Evidencia: __________________ Hallazgo/acción: __________________ Resp.: ______ Fecha: ______"
"DOCUMENT_EVIDENCE","FMR","Formas, Moldes y Réplicas","95","R1","FIELD_CHECK","","Componentes A/B identificados, cerrados, separados y con HDS. Evidencia: __________________ Hallazgo/acción: __________________ Resp.: ______ Fecha: ______ LIBRO IV / FORMAS, MOLDES Y RÉPLICAS / VERIFICACIÓN"
"DOCUMENT_EVIDENCE","FMR","Formas, Moldes y Réplicas","96","R1","FIELD_CHECK","TS-087","TS-087 Extraccion-poliuretano □ C □ NC □ NA □ NV Punto de mezcla/vaciado preparado con ventilacion y extraccion local cuando HDS/reconocimiento indique vapor/aerosol peligroso; descarga fuera de zonas ocupadas."
"DOCUMENT_EVIDENCE","FMR","Formas, Moldes y Réplicas","96","R1","FIELD_CHECK","","Punto de mezcla/vaciado preparado con ventilacion y extraccion local cuando HDS/reconocimiento indique vapor/aerosol peligroso; descarga fuera de zonas ocupadas. Evidencia: __________________ Hallazgo/acción: __________________ Resp.: ______ Fecha: ______"
"DOCUMENT_EVIDENCE","FMR","Formas, Moldes y Réplicas","110","R2","FIELD_CHECK","","Mantenimiento, limpieza y resguardo Cada equipo debe conservar identificación técnica, revisión antes/después de uso, mantenimiento preventivo, criterio de retiro de servicio, responsable y evidencia. La frecuencia preventiva se fija con el manual del fabricante, la placa del equipo y el historial real de uso del"
"DOCUMENT_EVIDENCE","FMR","Formas, Moldes y Réplicas","110","R2","FIELD_CHECK","","Cada equipo debe conservar identificación técnica, revisión antes/después de uso, mantenimiento preventivo, criterio de retiro de servicio, responsable y evidencia. La frecuencia preventiva se fija con el manual del fabricante, la placa del equipo y el historial real de uso del Equipo Identificación"
"DOCUMENT_EVIDENCE","FMR","Formas, Moldes y Réplicas","110","R3","FIELD_CHECK","","responsable y evidencia. La frecuencia preventiva se fija con el manual del fabricante, la placa del equipo y el historial real de uso del Equipo Identificación Después / antes"
"DOCUMENT_EVIDENCE","FMR","Formas, Moldes y Réplicas","110","R3","FIELD_CHECK","","pérdida de función Responsable del área + bitácora de"
"DOCUMENT_EVIDENCE","FMR","Formas, Moldes y Réplicas","110","R3","FIELD_CHECK","","Responsable del área + bitácora de intervención"
"DOCUMENT_EVIDENCE","FMR","Formas, Moldes y Réplicas","110","R3","FIELD_CHECK","","área + bitácora de intervención Taladro +"
"DOCUMENT_EVIDENCE","FMR","Formas, Moldes y Réplicas","110","R2","FIELD_CHECK","","área + bitácora de intervención Báscula Identificación visible:"
"DOCUMENT_EVIDENCE","FMR","Formas, Moldes y Réplicas","110","R3","FIELD_CHECK","","área + bitácora de intervención tornillería"
"DOCUMENT_EVIDENCE","FMR","Formas, Moldes y Réplicas","110","R3","FIELD_CHECK","","área + bitácora de intervención Sargentos/"
"DOCUMENT_EVIDENCE","FMR","Formas, Moldes y Réplicas","110","R2","FIELD_CHECK","","área + bitácora de intervención Herramientas"
"DOCUMENT_EVIDENCE","FMR","Formas, Moldes y Réplicas","110","R3","FIELD_CHECK","","área + bitácora de intervención Varillas/"
"DOCUMENT_EVIDENCE","FMR","Formas, Moldes y Réplicas","110","R3","FIELD_CHECK","","área + bitácora de intervención Resguardo del"
"DOCUMENT_EVIDENCE","FMR","Formas, Moldes y Réplicas","110","R1","FIELD_CHECK","","consumibles Identificación, cierre, compatibilidad, ventilación, contención y separación de fuentes de ignición definidas por la HDS vigente del producto."
"DOCUMENT_EVIDENCE","FMR","Formas, Moldes y Réplicas","110","R1","FIELD_CHECK","","Identificación, cierre, compatibilidad, ventilación, contención y separación de fuentes de ignición definidas por la HDS vigente del producto. FOTO + HDS"
"DOCUMENT_EVIDENCE","FMR","Formas, Moldes y Réplicas","110","R1","FIELD_CHECK","","definidas por la HDS vigente del producto. FOTO + HDS Piezas en espera Zona definida, identificación visible y condición que no provoque contaminación, daño o confusión de"
"DOCUMENT_EVIDENCE","FMR","Formas, Moldes y Réplicas","110","R1","FIELD_CHECK","","FOTO + HDS Piezas en espera Zona definida, identificación visible y condición que no provoque contaminación, daño o confusión de proyecto."
"DOCUMENT_EVIDENCE","FMR","Formas, Moldes y Réplicas","119","R3","FIELD_CHECK","","área + bitácora de intervención Brochas/rodillos"
"DOCUMENT_EVIDENCE","FMR","Formas, Moldes y Réplicas","119","R3","FIELD_CHECK","","área + bitácora de intervención Recipientes de"
"DOCUMENT_EVIDENCE","FMR","Formas, Moldes y Réplicas","119","R3","FIELD_CHECK","","área + bitácora de intervención superficies de"
"DOCUMENT_EVIDENCE","FMR","Formas, Moldes y Réplicas","119","R3","FIELD_CHECK","","área + bitácora de intervención Sistema de"
"DOCUMENT_EVIDENCE","FMR","Formas, Moldes y Réplicas","126","R2","FIELD_CHECK","","área + bitácora de intervención Herramienta"
"DOCUMENT_EVIDENCE","FMR","Formas, Moldes y Réplicas","126","R1","FIELD_CHECK","","área + bitácora de intervención Ventilación/"
"DOCUMENT_EVIDENCE","GLOBAL","Global / Governance","1","R1","FIELD_CHECK","","Manual integral de direccion y operacion Taller completo · personas · areas · procesos · evidencia · permisos · entrega"
"DOCUMENT_EVIDENCE","GLOBAL","Global / Governance","1","R1","FIELD_CHECK","","de direccion y operacion Taller completo · personas · areas · procesos · evidencia · permisos · entrega EDICION DE TRABAJO · PRE-CAMPO / PRE-CIERRE"
"DOCUMENT_EVIDENCE","GLOBAL","Global / Governance","1","R1","CONFIRM_FIRST","","Taller completo · personas · areas · procesos · evidencia · permisos · entrega EDICION DE TRABAJO · PRE-CAMPO / PRE-CIERRE 31 AGO 2026 · Lo ausente se conserva como PENDIENTE; nunca se rellena con supuestos."
"DOCUMENT_EVIDENCE","GLOBAL","Global / Governance","3","R2","FIELD_CHECK","","05 Personas y continuidad estaciones · capacitación · autorización · respaldo · mantenimiento · metrología 06 Assurance y expediente"
"DOCUMENT_EVIDENCE","GLOBAL","Global / Governance","3","R2","FIELD_CHECK","","estaciones · capacitación · autorización · respaldo · mantenimiento · metrología 06 Assurance y expediente corporativo · contratos · seguros · inmueble · PC · STPS · ambiente · vida silvestre · fiscal"
"DOCUMENT_EVIDENCE","GLOBAL","Global / Governance","3","R3","FIELD_CHECK","","06 Assurance y expediente corporativo · contratos · seguros · inmueble · PC · STPS · ambiente · vida silvestre · fiscal 07 Evidencia y anexos"
"DOCUMENT_EVIDENCE","GLOBAL","Global / Governance","3","R1","FIELD_CHECK","","fotografías · entrevistas · recetas · registros · fuentes · control de cambios REGLA DE LECTURA Un hueco no se oculta. Si falta nombre, foto, medida, documento, permiso, estado ERP, responsable o criterio de liberación, el lugar queda visible como"
"DOCUMENT_EVIDENCE","GLOBAL","Global / Governance","3","R1","CONFIRM_FIRST","","REGLA DE LECTURA Un hueco no se oculta. Si falta nombre, foto, medida, documento, permiso, estado ERP, responsable o criterio de liberación, el lugar queda visible como PENDIENTE hasta cerrarlo con evidencia."
"DOCUMENT_EVIDENCE","GLOBAL","Global / Governance","3","R1","CONFIRM_FIRST","","Un hueco no se oculta. Si falta nombre, foto, medida, documento, permiso, estado ERP, responsable o criterio de liberación, el lugar queda visible como PENDIENTE hasta cerrarlo con evidencia. ROCA TAXIDERMY · MASTER INTEGRAL · PRE-CAMPO / PENDIENTES ABIERTOS"
"DOCUMENT_EVIDENCE","GLOBAL","Global / Governance","7","R1","FIELD_CHECK","","ID común · estado · inventario · compromisos · saldos · evidencia administrativa ASSURANCE Dirección + responsables + especialista externo cuando aplique vigencia · permisos · seguridad · documentación · auditoría · cierre de hallazgos"
"DOCUMENT_EVIDENCE","GLOBAL","Global / Governance","7","R1","FIELD_CHECK","","ASSURANCE Dirección + responsables + especialista externo cuando aplique vigencia · permisos · seguridad · documentación · auditoría · cierre de hallazgos REGLA DE ESCALAMIENTO"
"DOCUMENT_EVIDENCE","GLOBAL","Global / Governance","7","R1","FIELD_CHECK","","vigencia · permisos · seguridad · documentación · auditoría · cierre de hallazgos REGLA DE ESCALAMIENTO Si una decisión cambia alcance, fecha, cliente, costo, seguridad, permiso, o afecta más de un oficio, deja de ser una decisión local: se comunica, se"
"DOCUMENT_EVIDENCE","GLOBAL","Global / Governance","7","R1","FIELD_CHECK","","REGLA DE ESCALAMIENTO Si una decisión cambia alcance, fecha, cliente, costo, seguridad, permiso, o afecta más de un oficio, deja de ser una decisión local: se comunica, se registra y se resuelve con la capa que corresponda antes de continuar."
"DOCUMENT_EVIDENCE","GLOBAL","Global / Governance","7","R1","CONFIRM_FIRST","","Si una decisión cambia alcance, fecha, cliente, costo, seguridad, permiso, o afecta más de un oficio, deja de ser una decisión local: se comunica, se registra y se resuelve con la capa que corresponda antes de continuar. ROCA TAXIDERMY · MASTER INTEGRAL · PRE-CAMPO / PENDIENTES ABIERTOS"
"DOCUMENT_EVIDENCE","GLOBAL","Global / Governance","8","R3","FIELD_CHECK","","El manual sigue el mismo recorrido que debe seguir una pieza, su información y su dinero. 01 ENTRADA recibir · identificar · fotografiar · revisar expediente"
"DOCUMENT_EVIDENCE","GLOBAL","Global / Governance","8","R3","FIELD_CHECK","","01 ENTRADA recibir · identificar · fotografiar · revisar expediente 02 CONTROL"
"DOCUMENT_EVIDENCE","GLOBAL","Global / Governance","8","R1","FIELD_CHECK","","recibir · identificar · fotografiar · revisar expediente 02 CONTROL registrar en BIWO/ERP · verificar permiso · definir trabajo y condición"
"DOCUMENT_EVIDENCE","GLOBAL","Global / Governance","8","R1","FIELD_CHECK","","02 CONTROL registrar en BIWO/ERP · verificar permiso · definir trabajo y condición 03 PRODUCCION"
"DOCUMENT_EVIDENCE","GLOBAL","Global / Governance","8","R1","FIELD_CHECK","","registrar en BIWO/ERP · verificar permiso · definir trabajo y condición 03 PRODUCCION curtir · resolver forma · montar · retocar · base/acabado"
"DOCUMENT_EVIDENCE","GLOBAL","Global / Governance","10","R3","FIELD_CHECK","","EVIDENCIA tomar la fotografía exacta o generar el registro que demuestre la condición confirmar aplicabilidad · integrar expediente · ingresar · atender prevención/visita · conservar"
"DOCUMENT_EVIDENCE","GLOBAL","Global / Governance","10","R3","FIELD_CHECK","","tomar la fotografía exacta o generar el registro que demuestre la condición confirmar aplicabilidad · integrar expediente · ingresar · atender prevención/visita · conservar resolución"
"DOCUMENT_EVIDENCE","GLOBAL","Global / Governance","10","R3","FIELD_CHECK","","confirmar aplicabilidad · integrar expediente · ingresar · atender prevención/visita · conservar resolución Carpeta de seguimiento: ROCA TAXIDERMY - Implementación Integral"
"DOCUMENT_EVIDENCE","GLOBAL","Global / Governance","12","R3","FIELD_CHECK","","sin perder su identidad ni las referencias que permiten reconstruirlo: medidas, piel, especie, pose solicitada y expediente. El trabajo se organiza para medir antes de"
"DOCUMENT_EVIDENCE","GLOBAL","Global / Governance","12","R3","FIELD_CHECK","","reconstruirlo: medidas, piel, especie, pose solicitada y expediente. El trabajo se organiza para medir antes de modificar, proteger la piel como material irremplazable,"
"DOCUMENT_EVIDENCE","GLOBAL","Global / Governance","12","R3","FIELD_CHECK","","expediente. El trabajo se organiza para medir antes de modificar, proteger la piel como material irremplazable, corregir cada desviación en el oficio donde se origina y"
"DOCUMENT_EVIDENCE","GLOBAL","Global / Governance","13","R1","FIELD_CHECK","","pueda reconocer la misma condición y tomar una decisión consistente. La identidad permanece con la pieza. Número, cliente/ proyecto, especie, permiso, pose y estado deben poder"
"DOCUMENT_EVIDENCE","GLOBAL","Global / Governance","13","R1","FIELD_CHECK","","La identidad permanece con la pieza. Número, cliente/ proyecto, especie, permiso, pose y estado deben poder relacionarse durante todo el recorrido."
"DOCUMENT_EVIDENCE","GLOBAL","Global / Governance","13","R1","FIELD_CHECK","","proyecto, especie, permiso, pose y estado deben poder relacionarse durante todo el recorrido. Se mide antes de cortar. La forma parte de las dimensiones de"
"DOCUMENT_EVIDENCE","GLOBAL","Global / Governance","14","R1","FIELD_CHECK","","identificación Equipo de Recepción Abrir una sola identidad del trabajo y mantener visibles pieza, especie, cliente/proyecto, condición de ingreso, permiso y fotografías antes de producción."
"DOCUMENT_EVIDENCE","GLOBAL","Global / Governance","14","R1","FIELD_CHECK","","Equipo de Recepción Abrir una sola identidad del trabajo y mantener visibles pieza, especie, cliente/proyecto, condición de ingreso, permiso y fotografías antes de producción. Tratamiento de pieles Rodolfo Sr. /"
"DOCUMENT_EVIDENCE","GLOBAL","Global / Governance","14","R1","FIELD_CHECK","","condición de ingreso, permiso y fotografías antes de producción. Tratamiento de pieles Rodolfo Sr. / Curtiduría"
"DOCUMENT_EVIDENCE","GLOBAL","Global / Governance","14","R1","FIELD_CHECK","","Recepción → Curtiduría Pieza identificada y condición de ingreso comprendida. ID común, especie, cliente/proyecto, permiso y"
"DOCUMENT_EVIDENCE","GLOBAL","Global / Governance","14","R1","FIELD_CHECK","","comprendida. ID común, especie, cliente/proyecto, permiso y fotografías iniciales."
"DOCUMENT_EVIDENCE","GLOBAL","Global / Governance","14","R1","FIELD_CHECK","","ID común, especie, cliente/proyecto, permiso y fotografías iniciales. La etiqueta física y el"
"DOCUMENT_EVIDENCE","GLOBAL","Global / Governance","15","R1","FIELD_CHECK","","recepción + cierre EVIDENCIA permiso + fotos ingreso liberación / incidencia medidas / forma usada observaciones /"
"DOCUMENT_EVIDENCE","GLOBAL","Global / Governance","15","R1","FIELD_CHECK","","permiso + fotos ingreso liberación / incidencia medidas / forma usada observaciones / retrabajo fotos finales check final +"
"DOCUMENT_EVIDENCE","GLOBAL","Global / Governance","15","R1","FIELD_CHECK","","acuse / evidencia GATES QUE BLOQUEAN EL PASO Identidad/permiso no reconciliado · condición técnica no liberada · forma incorrecta · desviación crítica · documentación requerida ausente · condición"
"DOCUMENT_EVIDENCE","GLOBAL","Global / Governance","15","R1","FIELD_CHECK","","GATES QUE BLOQUEAN EL PASO Identidad/permiso no reconciliado · condición técnica no liberada · forma incorrecta · desviación crítica · documentación requerida ausente · condición comercial de entrega no reconciliada. * Las ramas de Forma y Base sólo se activan cuando el trabajo lo requiere."
"DOCUMENT_EVIDENCE","GLOBAL","Global / Governance","15","R1","CONFIRM_FIRST","","Identidad/permiso no reconciliado · condición técnica no liberada · forma incorrecta · desviación crítica · documentación requerida ausente · condición comercial de entrega no reconciliada. * Las ramas de Forma y Base sólo se activan cuando el trabajo lo requiere. ROCA TAXIDERMY · MASTER INTEGRAL · PRE-CAMPO / PENDIENTES ABIERTOS"
"DOCUMENT_EVIDENCE","GLOBAL","Global / Governance","21","R3","FIELD_CHECK","","Responsable técnico + Dirección Detiene el trabajo, contiene el riesgo o defecto y define la ruta de corrección antes de reanudar. Cumplimiento / expediente"
"DOCUMENT_EVIDENCE","GLOBAL","Global / Governance","21","R3","FIELD_CHECK","","Detiene el trabajo, contiene el riesgo o defecto y define la ruta de corrección antes de reanudar. Cumplimiento / expediente César + Dirección + especialista externo cuando aplique"
"DOCUMENT_EVIDENCE","GLOBAL","Global / Governance","21","R3","FIELD_CHECK","","Cumplimiento / expediente César + Dirección + especialista externo cuando aplique Conserva documentos, vigencias, aplicabilidad y evidencia; no traslada lenguaje jurídico al personal"
"DOCUMENT_EVIDENCE","GLOBAL","Global / Governance","22","R1","FIELD_CHECK","","Alcance, forma, precio y autorización del cliente. Orden / ingreso ID común, pieza, permiso, condición y fotografías."
"DOCUMENT_EVIDENCE","GLOBAL","Global / Governance","22","R1","FIELD_CHECK","","Orden / ingreso ID común, pieza, permiso, condición y fotografías. Producción"
"DOCUMENT_EVIDENCE","GLOBAL","Global / Governance","22","R1","FIELD_CHECK","","ID común, pieza, permiso, condición y fotografías. Producción Estado físico real, etapa, forma, incidencias y material requerido."
"DOCUMENT_EVIDENCE","GLOBAL","Global / Governance","23","R1","FIELD_CHECK","","La identificación física y BIWO/ERP se refieren al mismo trabajo mediante un identificador común. Ningún cambio de área crea una identidad nueva ni separa la pieza de su cliente/proyecto, permiso, estado y siguiente acción."
"DOCUMENT_EVIDENCE","GLOBAL","Global / Governance","23","R1","FIELD_CHECK","","identificador común. Ningún cambio de área crea una identidad nueva ni separa la pieza de su cliente/proyecto, permiso, estado y siguiente acción. MOMENTO INFORMACIÓN QUE NO DEBE"
"DOCUMENT_EVIDENCE","GLOBAL","Global / Governance","23","R1","FIELD_CHECK","","de su cliente/proyecto, permiso, estado y siguiente acción. MOMENTO INFORMACIÓN QUE NO DEBE REGISTRO OBLIGATORIO"
"DOCUMENT_EVIDENCE","GLOBAL","Global / Governance","23","R1","FIELD_CHECK","","REGISTRO OBLIGATORIO Ingreso ID de pieza · cliente/proyecto · especie · permiso · condición de recepción ·"
"DOCUMENT_EVIDENCE","GLOBAL","Global / Governance","23","R1","FIELD_CHECK","","Ingreso ID de pieza · cliente/proyecto · especie · permiso · condición de recepción · fotografías iniciales."
"DOCUMENT_EVIDENCE","GLOBAL","Global / Governance","23","R1","FIELD_CHECK","","· permiso · condición de recepción · fotografías iniciales. Alta digital y etiqueta física con el mismo ID antes de entrar a producción."
"DOCUMENT_EVIDENCE","GLOBAL","Global / Governance","23","R1","FIELD_CHECK","","reinspección. Salida ID final · alcance terminado · fotografías · permisos/documentación de entrega"
"DOCUMENT_EVIDENCE","GLOBAL","Global / Governance","23","R1","FIELD_CHECK","","Salida ID final · alcance terminado · fotografías · permisos/documentación de entrega aplicables · saldo/condición comercial."
"DOCUMENT_EVIDENCE","GLOBAL","Global / Governance","23","R1","FIELD_CHECK","","· permisos/documentación de entrega aplicables · saldo/condición comercial. Entrega y pago/cierre se registran en la misma orden; el trabajo no queda"
"DOCUMENT_EVIDENCE","GLOBAL","Global / Governance","32","R1","FIELD_CHECK","","del uso hasta corregirlo. Recipientes cerrados e identificados; no usar envases secundarios sin nombre/peligro; HDS en español"
"DOCUMENT_EVIDENCE","GLOBAL","Global / Governance","32","R1","FIELD_CHECK","","Recipientes cerrados e identificados; no usar envases secundarios sin nombre/peligro; HDS en español accesibles; inflamables separados de calor o ignición."
"DOCUMENT_EVIDENCE","GLOBAL","Global / Governance","32","R1","FIELD_CHECK","","secundarios sin nombre/peligro; HDS en español accesibles; inflamables separados de calor o ignición. Maquinaria"
"DOCUMENT_EVIDENCE","GLOBAL","Global / Governance","32","R1","FIELD_CHECK","","Estación en condición lista · medidas de pasillos y zonas cuando gobiernan seguridad o acceso · lux en el punto real de tarea · extintores y rutas · químicos/HDS · máquinas, placas y guardas. LIBRO III / CONDICIÓN OBJETIVO 26 / 474"
"DOCUMENT_EVIDENCE","GLOBAL","Global / Governance","32","R1","FIELD_CHECK","","real de tarea · extintores y rutas · químicos/HDS · máquinas, placas y guardas. LIBRO III / CONDICIÓN OBJETIVO 26 / 474 ROCA TAXIDERMY · PRE-CAMPO · PRE-ENTREVISTAS"
"DOCUMENT_EVIDENCE","GLOBAL","Global / Governance","33","R1","FIELD_CHECK","","QUÉ SE RESGUARDA CONDICIÓN PERMANENTE EVIDENCIA DE CONTROL Químicos y recipientes Nombre legible, recipiente cerrado, HDS accesible, incompatibles"
"DOCUMENT_EVIDENCE","GLOBAL","Global / Governance","33","R1","FIELD_CHECK","","Químicos y recipientes Nombre legible, recipiente cerrado, HDS accesible, incompatibles separados e inflamables alejados de"
"DOCUMENT_EVIDENCE","GLOBAL","Global / Governance","33","R1","FIELD_CHECK","","HDS accesible, incompatibles separados e inflamables alejados de ignición. Si la HDS o la matriz de"
"DOCUMENT_EVIDENCE","GLOBAL","Global / Governance","33","R1","FIELD_CHECK","","separados e inflamables alejados de ignición. Si la HDS o la matriz de compatibilidad exige contención"
"DOCUMENT_EVIDENCE","GLOBAL","Global / Governance","33","R1","FIELD_CHECK","","ignición. Si la HDS o la matriz de compatibilidad exige contención secundaria, mantenerla instalada bajo"
"DOCUMENT_EVIDENCE","GLOBAL","Global / Governance","33","R1","FIELD_CHECK","","secundaria, mantenerla instalada bajo el recipiente. Fotografía del almacenamiento completo + etiquetas + HDS + ubicación"
"DOCUMENT_EVIDENCE","GLOBAL","Global / Governance","33","R1","FIELD_CHECK","","el recipiente. Fotografía del almacenamiento completo + etiquetas + HDS + ubicación en plano."
"DOCUMENT_EVIDENCE","GLOBAL","Global / Governance","33","R1","FIELD_CHECK","","Fotografía del almacenamiento completo + etiquetas + HDS + ubicación en plano. Herramienta manual Limpia, seca y con ubicación fija; filos y"
"DOCUMENT_EVIDENCE","GLOBAL","Global / Governance","35","R1","FIELD_CHECK","","resto del trabajo. No entra a producción si identidad, permiso o condición"
"DOCUMENT_EVIDENCE","GLOBAL","Global / Governance","35","R1","FIELD_CHECK","","No entra a producción si identidad, permiso o condición de ingreso no pueden"
"DOCUMENT_EVIDENCE","GLOBAL","Global / Governance","35","R1","FIELD_CHECK","","identidad, permiso o condición de ingreso no pueden relacionarse con el proyecto."
"DOCUMENT_EVIDENCE","MON","Montaje","133","R1","FIELD_CHECK","MON-AREA-04","se registra punto, lectura, fecha e instrumento cuando la iluminancia gobierna el trabajo. MON-AREA-04 Ventilación y extracción La ventilación corresponde a la operación real. Cuando una HDS o el reconocimiento de exposición"
"DOCUMENT_EVIDENCE","MON","Montaje","133","R1","FIELD_CHECK","MON-AREA-04","MON-AREA-04 Ventilación y extracción La ventilación corresponde a la operación real. Cuando una HDS o el reconocimiento de exposición exige extracción localizada, el punto de generación queda capturado antes de liberar la estación."
"DOCUMENT_EVIDENCE","MON","Montaje","133","R1","FIELD_CHECK","MON-AREA-05","La ventilación corresponde a la operación real. Cuando una HDS o el reconocimiento de exposición exige extracción localizada, el punto de generación queda capturado antes de liberar la estación. MON-AREA-05 Emergencia"
"DOCUMENT_EVIDENCE","MON","Montaje","134","R1","FIELD_CHECK","MON-AREA-09","permanecen dispersos. MON-AREA-09 Químicos de montaje Bondo, catalizador, fibra y adhesivos tienen producto identificado, HDS y punto de mezcla/uso"
"DOCUMENT_EVIDENCE","MON","Montaje","134","R1","FIELD_CHECK","MON-AREA-09","MON-AREA-09 Químicos de montaje Bondo, catalizador, fibra y adhesivos tienen producto identificado, HDS y punto de mezcla/uso compatible con ventilación y residuos."
"DOCUMENT_EVIDENCE","MON","Montaje","134","R1","FIELD_CHECK","MON-AREA-10","Bondo, catalizador, fibra y adhesivos tienen producto identificado, HDS y punto de mezcla/uso compatible con ventilación y residuos. MON-AREA-10 Secado"
"DOCUMENT_EVIDENCE","MON","Montaje","134","R1","FIELD_CHECK","","EVIDENCIA PARA CIERRE Una condición se declara conforme sólo cuando puede observarse, medirse o comprobarse con un registro vigente. La fotografía contextualiza; no sustituye una medición, una HDS, un mantenimiento ni la vigencia de un permiso."
"DOCUMENT_EVIDENCE","MON","Montaje","134","R1","FIELD_CHECK","","Una condición se declara conforme sólo cuando puede observarse, medirse o comprobarse con un registro vigente. La fotografía contextualiza; no sustituye una medición, una HDS, un mantenimiento ni la vigencia de un permiso. LIBRO IV / MONTAJE / ÁREA DE TRABAJO"
"DOCUMENT_EVIDENCE","MON","Montaje","134","R1","FIELD_CHECK","","fotografía contextualiza; no sustituye una medición, una HDS, un mantenimiento ni la vigencia de un permiso. LIBRO IV / MONTAJE / ÁREA DE TRABAJO 120 / 325 129 / 346"
"DOCUMENT_EVIDENCE","MON","Montaje","135","R2","FIELD_CHECK","","Cada persona se evalúa en su puesto real. Se eliminan los criterios que no apliquen a su tarea; no se usa una estación “típica” como sustituto. EVIDENCIA FOTOGRÁFICA REQUERIDA"
"DOCUMENT_EVIDENCE","MON","Montaje","135","R2","FIELD_CHECK","","“típica” como sustituto. EVIDENCIA FOTOGRÁFICA REQUERIDA Foto 1: vista 3/4 de la estación completa con"
"DOCUMENT_EVIDENCE","MON","Montaje","135","R2","FIELD_CHECK","","• iluminación suficiente para la tarea Evidence ID: __________ Fecha: __________ Responsable: __________ EVIDENCIA FOTOGRÁFICA REQUERIDA"
"DOCUMENT_EVIDENCE","MON","Montaje","135","R2","FIELD_CHECK","","Evidence ID: __________ Fecha: __________ Responsable: __________ EVIDENCIA FOTOGRÁFICA REQUERIDA Foto 1: vista 3/4 de la estación completa con"
"DOCUMENT_EVIDENCE","MON","Montaje","141","R3","FIELD_CHECK","","MON / EVIDENCIA Evidencia fotográfica requerida Las tomas se preparan para demostrar el estado del área; no son imágenes decorativas."
"DOCUMENT_EVIDENCE","MON","Montaje","141","R2","FIELD_CHECK","","Las tomas se preparan para demostrar el estado del área; no son imágenes decorativas. TOMA 01 · EVIDENCIA FOTOGRÁFICA REQUERIDA Panorámica del área con todas las estaciones y pasillo principal. Debe verse qué pieza pertenece a cada puesto y que ninguna"
"DOCUMENT_EVIDENCE","MON","Montaje","141","R2","FIELD_CHECK","","TOMA 01 · EVIDENCIA FOTOGRÁFICA REQUERIDA Panorámica del área con todas las estaciones y pasillo principal. Debe verse qué pieza pertenece a cada puesto y que ninguna forma, cable o herramienta invade circulación."
"DOCUMENT_EVIDENCE","MON","Montaje","141","R2","FIELD_CHECK","","forma, cable o herramienta invade circulación. Archivo / Evidence ID: ______________________________________ Fecha: __________ TOMA 02 · EVIDENCIA FOTOGRÁFICA REQUERIDA"
"DOCUMENT_EVIDENCE","MON","Montaje","141","R2","FIELD_CHECK","","Archivo / Evidence ID: ______________________________________ Fecha: __________ TOMA 02 · EVIDENCIA FOTOGRÁFICA REQUERIDA Compendio por estación: una foto frontal del mueble/cajones cerrados; una foto abiertos mostrando categorías sin"
"DOCUMENT_EVIDENCE","MON","Montaje","141","R2","FIELD_CHECK","","TOMA 02 · EVIDENCIA FOTOGRÁFICA REQUERIDA Compendio por estación: una foto frontal del mueble/cajones cerrados; una foto abiertos mostrando categorías sin amontonamiento; una foto de la superficie lista con herramienta habitual accesible."
"DOCUMENT_EVIDENCE","MON","Montaje","141","R2","FIELD_CHECK","","amontonamiento; una foto de la superficie lista con herramienta habitual accesible. Archivo / Evidence ID: ______________________________________ Fecha: __________ TOMA 03 · EVIDENCIA FOTOGRÁFICA REQUERIDA"
"DOCUMENT_EVIDENCE","MON","Montaje","141","R1","FIELD_CHECK","","TOMA 03 · EVIDENCIA FOTOGRÁFICA REQUERIDA Secado y químicos: pieza en espera con ID y estabilidad; punto de Bondo/fibra/adhesivo identificado; iluminación de detalle medida en una tarea real de ojos/nariz o anatomía fina."
"DOCUMENT_EVIDENCE","MON","Montaje","142","R1","FIELD_CHECK","TS-018","Si hay ventilacion artificial, el aire extraido no se descarga a otra zona ocupada; se opera antes del ingreso cuando debe purgar contaminantes. Evidencia: __________________ Hallazgo/acción: __________________ Resp.: ______ Fecha: ______ TS-018 HDS □ C □ NC □ NA □ NV"
"DOCUMENT_EVIDENCE","MON","Montaje","142","R1","FIELD_CHECK","TS-018","TS-018 HDS □ C □ NC □ NA □ NV Cada sustancia/mezcla peligrosa tiene HDS accesible a quien la usa. Evidencia: __________________ Hallazgo/acción: __________________ Resp.: ______ Fecha: ______"
"DOCUMENT_EVIDENCE","MON","Montaje","142","R1","FIELD_CHECK","","Cada sustancia/mezcla peligrosa tiene HDS accesible a quien la usa. Evidencia: __________________ Hallazgo/acción: __________________ Resp.: ______ Fecha: ______ LIBRO IV / MONTAJE / VERIFICACIÓN"
"DOCUMENT_EVIDENCE","MON","Montaje","144","R1","FIELD_CHECK","TS-056","TS-056 Quimicos-montaje □ C □ NC □ NA □ NV Bondo/catalizador/fibra/adhesivos tienen HDS, rotulo y punto de mezcla definido. Evidencia: __________________ Hallazgo/acción: __________________ Resp.: ______ Fecha: ______"
"DOCUMENT_EVIDENCE","MON","Montaje","144","R1","FIELD_CHECK","TS-057","Bondo/catalizador/fibra/adhesivos tienen HDS, rotulo y punto de mezcla definido. Evidencia: __________________ Hallazgo/acción: __________________ Resp.: ______ Fecha: ______ TS-057 Extraccion-montaje □ C □ NC □ NA □ NV"
"DOCUMENT_EVIDENCE","MON","Montaje","144","R1","FIELD_CHECK","TS-057","TS-057 Extraccion-montaje □ C □ NC □ NA □ NV Mezcla/uso que genere vapor/polvo se realiza en punto ventilado; instalar extraccion local cuando HDS/reconocimiento lo requiera. Evidencia: __________________ Hallazgo/acción: __________________ Resp.: ______ Fecha: ______"
"DOCUMENT_EVIDENCE","MON","Montaje","144","R1","FIELD_CHECK","TS-058","Mezcla/uso que genere vapor/polvo se realiza en punto ventilado; instalar extraccion local cuando HDS/reconocimiento lo requiera. Evidencia: __________________ Hallazgo/acción: __________________ Resp.: ______ Fecha: ______ TS-058 Iluminacion-general □ C □ NC □ NA □ NV"
"DOCUMENT_EVIDENCE","MON","Montaje","155","R2","FIELD_CHECK","","Mantenimiento, limpieza y resguardo Cada equipo debe conservar identificación técnica, revisión antes/después de uso, mantenimiento preventivo, criterio de retiro de servicio, responsable y evidencia. La frecuencia preventiva se fija con el manual del fabricante, la placa del equipo y el historial real de uso del"
"DOCUMENT_EVIDENCE","MON","Montaje","155","R2","FIELD_CHECK","","Cada equipo debe conservar identificación técnica, revisión antes/después de uso, mantenimiento preventivo, criterio de retiro de servicio, responsable y evidencia. La frecuencia preventiva se fija con el manual del fabricante, la placa del equipo y el historial real de uso del Equipo Identificación"
"DOCUMENT_EVIDENCE","MON","Montaje","155","R3","FIELD_CHECK","","responsable y evidencia. La frecuencia preventiva se fija con el manual del fabricante, la placa del equipo y el historial real de uso del Equipo Identificación Después / antes"
"DOCUMENT_EVIDENCE","MON","Montaje","155","R3","FIELD_CHECK","","pérdida de función Responsable del área + bitácora de"
"DOCUMENT_EVIDENCE","MON","Montaje","155","R3","FIELD_CHECK","","Responsable del área + bitácora de intervención"
"DOCUMENT_EVIDENCE","MON","Montaje","155","R3","FIELD_CHECK","","área + bitácora de intervención Serrote Identificación visible:"
"DOCUMENT_EVIDENCE","MON","Montaje","155","R3","FIELD_CHECK","","área + bitácora de intervención Escofinas Identificación visible:"
"DOCUMENT_EVIDENCE","MON","Montaje","155","R3","FIELD_CHECK","","área + bitácora de intervención Cuchillos Identificación visible:"
"DOCUMENT_EVIDENCE","MON","Montaje","155","R3","FIELD_CHECK","","área + bitácora de intervención Bandejas para"
"DOCUMENT_EVIDENCE","MON","Montaje","155","R3","FIELD_CHECK","","área + bitácora de intervención soportes de"
"DOCUMENT_EVIDENCE","MON","Montaje","155","R2","FIELD_CHECK","","área + bitácora de intervención Herramienta"
"DOCUMENT_EVIDENCE","MON","Montaje","155","R3","FIELD_CHECK","","área + bitácora de intervención Alfileres/agujas"
"DOCUMENT_EVIDENCE","MON","Montaje","155","R3","FIELD_CHECK","","área + bitácora de intervención Resguardo del"
"DOCUMENT_EVIDENCE","MON","Montaje","155","R1","FIELD_CHECK","","consumibles Identificación, cierre, compatibilidad, ventilación, contención y separación de fuentes de ignición definidas por la HDS vigente del producto."
"DOCUMENT_EVIDENCE","MON","Montaje","155","R1","FIELD_CHECK","","Identificación, cierre, compatibilidad, ventilación, contención y separación de fuentes de ignición definidas por la HDS vigente del producto. FOTO + HDS"
"DOCUMENT_EVIDENCE","MON","Montaje","155","R1","FIELD_CHECK","","definidas por la HDS vigente del producto. FOTO + HDS LIBRO IV / MONTAJE / METODOLOGÍA 178 / 474"
"DOCUMENT_EVIDENCE","MON","Montaje","155","R1","FIELD_CHECK","","FOTO + HDS LIBRO IV / MONTAJE / METODOLOGÍA 178 / 474 ROCA TAXIDERMY · PRE-CAMPO · PRE-ENTREVISTAS"
"DOCUMENT_EVIDENCE","REC","Recepción","39","R1","FIELD_CHECK","","Abrir una identidad única del trabajo, documentar la condición de ingreso y transferir la pieza sin perder permiso,"
"DOCUMENT_EVIDENCE","REC","Recepción","39","R1","FIELD_CHECK","","documentar la condición de ingreso y transferir la pieza sin perder permiso, fotografías ni siguiente acción."
"DOCUMENT_EVIDENCE","REC","Recepción","39","R1","FIELD_CHECK","","transferir la pieza sin perder permiso, fotografías ni siguiente acción. Pieza o piel recibida + documentación"
"DOCUMENT_EVIDENCE","REC","Recepción","40","R1","FIELD_CHECK","","ROCA / REC / CONTENIDO Contenido del módulo Abrir una identidad única del trabajo y transferirla sin perder permiso, fotos ni siguiente acción."
"DOCUMENT_EVIDENCE","REC","Recepción","40","R1","FIELD_CHECK","","Contenido del módulo Abrir una identidad única del trabajo y transferirla sin perder permiso, fotos ni siguiente acción. 0 Gobernanza del área"
"DOCUMENT_EVIDENCE","REC","Recepción","40","R1","CONFIRM_FIRST","","Abrir una identidad única del trabajo y transferirla sin perder permiso, fotos ni siguiente acción. 0 Gobernanza del área equipo · organigrama · recibe/entrega · decisiones · ERP · recursos · pendientes"
"DOCUMENT_EVIDENCE","REC","Recepción","41","R1","FIELD_CHECK","","GOBERNANZA DEL ÁREA RECEPCIÓN Abrir una identidad única del trabajo y transferirla sin perder permiso, fotos ni siguiente acción."
"DOCUMENT_EVIDENCE","REC","Recepción","41","R1","FIELD_CHECK","","RECEPCIÓN Abrir una identidad única del trabajo y transferirla sin perder permiso, fotos ni siguiente acción. EQUIPO Y LÍNEA LOCAL"
"DOCUMENT_EVIDENCE","REC","Recepción","41","R1","FIELD_CHECK","","Abrir una identidad única del trabajo y transferirla sin perder permiso, fotos ni siguiente acción. EQUIPO Y LÍNEA LOCAL Ricardo - Recepción"
"DOCUMENT_EVIDENCE","REC","Recepción","41","R1","FIELD_CHECK","","ENTREGA Trabajo identificado y ruta definida DECISIONES / GATES detener si identidad/permiso/condición no se relacionan"
"DOCUMENT_EVIDENCE","REC","Recepción","41","R1","FIELD_CHECK","","DECISIONES / GATES detener si identidad/permiso/condición no se relacionan con la orden"
"DOCUMENT_EVIDENCE","REC","Recepción","41","R1","FIELD_CHECK","","detener si identidad/permiso/condición no se relacionan con la orden definir ruta inicial"
"DOCUMENT_EVIDENCE","REC","Recepción","42","R1","FIELD_CHECK","REC-AREA-04","se registra punto, lectura, fecha e instrumento cuando la iluminancia gobierna el trabajo. REC-AREA-04 Ventilación y extracción La ventilación corresponde a la operación real. Cuando una HDS o el reconocimiento de exposición"
"DOCUMENT_EVIDENCE","REC","Recepción","42","R1","FIELD_CHECK","REC-AREA-04","REC-AREA-04 Ventilación y extracción La ventilación corresponde a la operación real. Cuando una HDS o el reconocimiento de exposición exige extracción localizada, el punto de generación queda capturado antes de liberar la estación."
"DOCUMENT_EVIDENCE","REC","Recepción","42","R1","FIELD_CHECK","REC-AREA-05","La ventilación corresponde a la operación real. Cuando una HDS o el reconocimiento de exposición exige extracción localizada, el punto de generación queda capturado antes de liberar la estación. REC-AREA-05 Emergencia"
"DOCUMENT_EVIDENCE","REC","Recepción","43","R1","FIELD_CHECK","REC-AREA-08","mezcle con producción. REC-AREA-08 Documentos y privacidad Permisos y datos de cliente se revisan en un punto controlado. La evidencia pública no expone"
"DOCUMENT_EVIDENCE","REC","Recepción","43","R1","FIELD_CHECK","REC-AREA-08","REC-AREA-08 Documentos y privacidad Permisos y datos de cliente se revisan en un punto controlado. La evidencia pública no expone identificaciones, datos sensibles ni pantallas legibles."
"DOCUMENT_EVIDENCE","REC","Recepción","43","R1","FIELD_CHECK","","Permisos y datos de cliente se revisan en un punto controlado. La evidencia pública no expone identificaciones, datos sensibles ni pantallas legibles. EVIDENCIA PARA CIERRE"
"DOCUMENT_EVIDENCE","REC","Recepción","43","R1","FIELD_CHECK","","EVIDENCIA PARA CIERRE Una condición se declara conforme sólo cuando puede observarse, medirse o comprobarse con un registro vigente. La fotografía contextualiza; no sustituye una medición, una HDS, un mantenimiento ni la vigencia de un permiso."
"DOCUMENT_EVIDENCE","REC","Recepción","43","R1","FIELD_CHECK","","Una condición se declara conforme sólo cuando puede observarse, medirse o comprobarse con un registro vigente. La fotografía contextualiza; no sustituye una medición, una HDS, un mantenimiento ni la vigencia de un permiso. LIBRO IV / RECEPCIÓN / ÁREA DE TRABAJO"
"DOCUMENT_EVIDENCE","REC","Recepción","43","R1","FIELD_CHECK","","fotografía contextualiza; no sustituye una medición, una HDS, un mantenimiento ni la vigencia de un permiso. LIBRO IV / RECEPCIÓN / ÁREA DE TRABAJO 36 / 325 41 / 346"
"DOCUMENT_EVIDENCE","REC","Recepción","44","R2","FIELD_CHECK","","Cada persona se evalúa en su puesto real. Se eliminan los criterios que no apliquen a su tarea; no se usa una estación “típica” como sustituto. EVIDENCIA FOTOGRÁFICA REQUERIDA"
"DOCUMENT_EVIDENCE","REC","Recepción","44","R3","FIELD_CHECK","","“típica” como sustituto. EVIDENCIA FOTOGRÁFICA REQUERIDA Foto 1: persona o puesto de recepción durante"
"DOCUMENT_EVIDENCE","REC","Recepción","44","R3","FIELD_CHECK","","ingreso real, sin datos sensibles legibles. Foto 2: superficie e identificación de la pieza. Foto 3: cierre con expediente resguardado y acceso"
"DOCUMENT_EVIDENCE","REC","Recepción","44","R3","FIELD_CHECK","","2: superficie e identificación de la pieza. Foto 3: cierre con expediente resguardado y acceso Equipo de Recepción — integrantes por identificar individual"
"DOCUMENT_EVIDENCE","REC","Recepción","44","R2","FIELD_CHECK","","3: cierre con expediente resguardado y acceso Equipo de Recepción — integrantes por identificar individual CONDICIÓN DE LA ESTACIÓN"
"DOCUMENT_EVIDENCE","REC","Recepción","45","R3","FIELD_CHECK","","REC / EVIDENCIA Evidencia fotográfica requerida Las tomas se preparan para demostrar el estado del área; no son imágenes decorativas."
"DOCUMENT_EVIDENCE","REC","Recepción","45","R3","FIELD_CHECK","","Las tomas se preparan para demostrar el estado del área; no son imágenes decorativas. TOMA 01 · EVIDENCIA FOTOGRÁFICA REQUERIDA Vista 3/4 del punto de ingreso completo: mesa/superficie de inspección, acceso y zona inmediata de espera. Debe verse libre de"
"DOCUMENT_EVIDENCE","REC","Recepción","45","R3","FIELD_CHECK","","TOMA 01 · EVIDENCIA FOTOGRÁFICA REQUERIDA Vista 3/4 del punto de ingreso completo: mesa/superficie de inspección, acceso y zona inmediata de espera. Debe verse libre de piezas ajenas y con espacio para abrir/fotografiar sin perder identidad."
"DOCUMENT_EVIDENCE","REC","Recepción","45","R3","FIELD_CHECK","","piezas ajenas y con espacio para abrir/fotografiar sin perder identidad. Archivo / Evidence ID: ______________________________________ Fecha: __________ TOMA 02 · EVIDENCIA FOTOGRÁFICA REQUERIDA"
"DOCUMENT_EVIDENCE","REC","Recepción","45","R3","FIELD_CHECK","","Archivo / Evidence ID: ______________________________________ Fecha: __________ TOMA 02 · EVIDENCIA FOTOGRÁFICA REQUERIDA Secuencia de identificación: etiqueta/cincho o medio físico junto a la pieza y pantalla/registro sin datos personales legibles. La"
"DOCUMENT_EVIDENCE","REC","Recepción","45","R3","FIELD_CHECK","","TOMA 02 · EVIDENCIA FOTOGRÁFICA REQUERIDA Secuencia de identificación: etiqueta/cincho o medio físico junto a la pieza y pantalla/registro sin datos personales legibles. La foto debe demostrar que ambos usan el mismo identificador."
"DOCUMENT_EVIDENCE","REC","Recepción","45","R3","FIELD_CHECK","","foto debe demostrar que ambos usan el mismo identificador. Archivo / Evidence ID: ______________________________________ Fecha: __________ TOMA 03 · EVIDENCIA FOTOGRÁFICA REQUERIDA"
"DOCUMENT_EVIDENCE","REC","Recepción","45","R2","FIELD_CHECK","","TOMA 03 · EVIDENCIA FOTOGRÁFICA REQUERIDA Cierre del área: superficie limpia, documentos resguardados y pieza transferida o colocada en espera identificada; sin cajas o herramientas bloqueando el acceso."
"DOCUMENT_EVIDENCE","REC","Recepción","47","R1","FIELD_CHECK","TS-018","Si hay ventilacion artificial, el aire extraido no se descarga a otra zona ocupada; se opera antes del ingreso cuando debe purgar contaminantes. Evidencia: __________________ Hallazgo/acción: __________________ Resp.: ______ Fecha: ______ TS-018 HDS □ C □ NC □ NA □ NV"
"DOCUMENT_EVIDENCE","REC","Recepción","47","R1","FIELD_CHECK","TS-018","TS-018 HDS □ C □ NC □ NA □ NV Cada sustancia/mezcla peligrosa tiene HDS accesible a quien la usa. Evidencia: __________________ Hallazgo/acción: __________________ Resp.: ______ Fecha: ______"
"DOCUMENT_EVIDENCE","REC","Recepción","47","R1","FIELD_CHECK","","Cada sustancia/mezcla peligrosa tiene HDS accesible a quien la usa. Evidencia: __________________ Hallazgo/acción: __________________ Resp.: ______ Fecha: ______ LIBRO IV / RECEPCIÓN / VERIFICACIÓN"
"DOCUMENT_EVIDENCE","RES","RES","322","R1","FIELD_CHECK","RES-AREA-04","se registra punto, lectura, fecha e instrumento cuando la iluminancia gobierna el trabajo. RES-AREA-04 Ventilación y extracción La ventilación corresponde a la operación real. Cuando una HDS o el reconocimiento de exposición"
"DOCUMENT_EVIDENCE","RES","RES","322","R1","FIELD_CHECK","RES-AREA-04","RES-AREA-04 Ventilación y extracción La ventilación corresponde a la operación real. Cuando una HDS o el reconocimiento de exposición exige extracción localizada, el punto de generación queda capturado antes de liberar la estación."
"DOCUMENT_EVIDENCE","RES","RES","322","R1","FIELD_CHECK","RES-AREA-05","La ventilación corresponde a la operación real. Cuando una HDS o el reconocimiento de exposición exige extracción localizada, el punto de generación queda capturado antes de liberar la estación. RES-AREA-05 Emergencia"
"DOCUMENT_EVIDENCE","RES","RES","323","R1","FIELD_CHECK","","EVIDENCIA PARA CIERRE Una condición se declara conforme sólo cuando puede observarse, medirse o comprobarse con un registro vigente. La fotografía contextualiza; no sustituye una medición, una HDS, un mantenimiento ni la vigencia de un permiso."
"DOCUMENT_EVIDENCE","RES","RES","323","R1","FIELD_CHECK","","Una condición se declara conforme sólo cuando puede observarse, medirse o comprobarse con un registro vigente. La fotografía contextualiza; no sustituye una medición, una HDS, un mantenimiento ni la vigencia de un permiso. LIBRO IV / SISTEMA DE RESIDUOS / ÁREA DE TRABAJO"
"DOCUMENT_EVIDENCE","RES","RES","323","R1","FIELD_CHECK","","fotografía contextualiza; no sustituye una medición, una HDS, un mantenimiento ni la vigencia de un permiso. LIBRO IV / SISTEMA DE RESIDUOS / ÁREA DE TRABAJO 276 / 325 305 / 346"
"DOCUMENT_EVIDENCE","RES","RES","324","R3","FIELD_CHECK","","RES / EVIDENCIA Evidencia fotográfica requerida Las tomas se preparan para demostrar el estado del área; no son imágenes decorativas."
"DOCUMENT_EVIDENCE","RES","RES","324","R3","FIELD_CHECK","","Las tomas se preparan para demostrar el estado del área; no son imágenes decorativas. TOMA 01 · EVIDENCIA FOTOGRÁFICA REQUERIDA Panorámica del punto de concentración mostrando recipientes separados, identificados y accesibles sin invadir circulación."
"DOCUMENT_EVIDENCE","RES","RES","324","R3","FIELD_CHECK","","TOMA 01 · EVIDENCIA FOTOGRÁFICA REQUERIDA Panorámica del punto de concentración mostrando recipientes separados, identificados y accesibles sin invadir circulación. Archivo / Evidence ID: ______________________________________ Fecha: __________"
"DOCUMENT_EVIDENCE","RES","RES","324","R3","FIELD_CHECK","","Panorámica del punto de concentración mostrando recipientes separados, identificados y accesibles sin invadir circulación. Archivo / Evidence ID: ______________________________________ Fecha: __________ TOMA 02 · EVIDENCIA FOTOGRÁFICA REQUERIDA"
"DOCUMENT_EVIDENCE","RES","RES","324","R3","FIELD_CHECK","","Archivo / Evidence ID: ______________________________________ Fecha: __________ TOMA 02 · EVIDENCIA FOTOGRÁFICA REQUERIDA Compendio de 3 fotos de corrientes distintas: residuo común, recuperable y residuo/candidato peligroso; cada uno con rótulo y"
"DOCUMENT_EVIDENCE","RES","RES","324","R3","FIELD_CHECK","","TOMA 02 · EVIDENCIA FOTOGRÁFICA REQUERIDA Compendio de 3 fotos de corrientes distintas: residuo común, recuperable y residuo/candidato peligroso; cada uno con rótulo y condición de cierre correspondiente."
"DOCUMENT_EVIDENCE","RES","RES","324","R3","FIELD_CHECK","","condición de cierre correspondiente. Archivo / Evidence ID: ______________________________________ Fecha: __________ TOMA 03 · EVIDENCIA FOTOGRÁFICA REQUERIDA"
"DOCUMENT_EVIDENCE","RES","RES","324","R3","FIELD_CHECK","","TOMA 03 · EVIDENCIA FOTOGRÁFICA REQUERIDA Ruta de retiro: recipiente lleno dentro de límite, zona limpia después de retiro y evidencia/registro del destino cuando aplique. Archivo / Evidence ID: ______________________________________ Fecha: __________"
"DOCUMENT_EVIDENCE","RES","RES","325","R1","FIELD_CHECK","RES-AREA-04","RES-AREA-04 Ventilación y extracción □ C □ NC □ NA □ NV La ventilación corresponde a la operación real. Cuando una HDS o el reconocimiento de exposición exige extracción localizada, el punto de generación queda capturado antes de liberar la estación."
"DOCUMENT_EVIDENCE","RES","RES","325","R1","FIELD_CHECK","","La ventilación corresponde a la operación real. Cuando una HDS o el reconocimiento de exposición exige extracción localizada, el punto de generación queda capturado antes de liberar la estación. Evidencia: __________________ Hallazgo/acción: __________________ Resp.: ______ Fecha: ______"
"DOCUMENT_EVIDENCE","RES","RES","332","R1","FIELD_CHECK","","ASSURANCE, LEGAL Y TRAMITOLOGÍA Expedientes, permisos, Protección Civil, STPS, ambiental, vida silvestre,"
"DOCUMENT_EVIDENCE","RES","RES","332","R1","FIELD_CHECK","","Y TRAMITOLOGÍA Expedientes, permisos, Protección Civil, STPS, ambiental, vida silvestre, CITES/TRACES, fiscal, seguros y privacidad. Esta capa no sustituye la operación; la"
"DOCUMENT_EVIDENCE","RES","RES","332","R1","FIELD_CHECK","","Expedientes, permisos, Protección Civil, STPS, ambiental, vida silvestre, CITES/TRACES, fiscal, seguros y privacidad. Esta capa no sustituye la operación; la respalda."
"DOCUMENT_EVIDENCE","RES","RES","333","R1","FIELD_CHECK","","ISO 9001:2015 / Amd 1:2024 Definir entradas, actividades, criterios de salida, responsabilidades, registros, desviaciones y mejora. NOM-017-STPS-2024 Revisar selección, uso y manejo de equipo de protección personal a partir del riesgo real de la tarea. NOM-018-STPS-2015 Controlar inventario de sustancias químicas peligrosas, identificación, HDS en español, rotulado y"
"DOCUMENT_EVIDENCE","RES","RES","333","R1","FIELD_CHECK","","NOM-017-STPS-2024 Revisar selección, uso y manejo de equipo de protección personal a partir del riesgo real de la tarea. NOM-018-STPS-2015 Controlar inventario de sustancias químicas peligrosas, identificación, HDS en español, rotulado y capacitación."
"DOCUMENT_EVIDENCE","RES","RES","333","R1","FIELD_CHECK","","NOM-018-STPS-2015 Controlar inventario de sustancias químicas peligrosas, identificación, HDS en español, rotulado y capacitación. NOM-010-STPS-2014 Reconocer, evaluar y controlar exposición a agentes químicos contaminantes cuando el proceso"
"DOCUMENT_EVIDENCE","RES","RES","333","R1","FIELD_CHECK","","NOM-027-STPS-2008 Aplicar al subproceso de soldadura y corte una vez documentadas sus tareas, riesgos, equipo y condiciones reales. CITES / SEMARNAT Antes de importar o exportar, revisar especie, procedencia, presentación de la pieza y permisos"
"DOCUMENT_EVIDENCE","RES","RES","333","R1","FIELD_CHECK","","condiciones reales. CITES / SEMARNAT Antes de importar o exportar, revisar especie, procedencia, presentación de la pieza y permisos aplicables al movimiento internacional."
"DOCUMENT_EVIDENCE","RES","RES","333","R1","FIELD_CHECK","","CITES / SEMARNAT Antes de importar o exportar, revisar especie, procedencia, presentación de la pieza y permisos aplicables al movimiento internacional. TRACES / destino UE Cuando el destino y el tipo de trofeo entren en el régimen europeo correspondiente, verificar"
"DOCUMENT_EVIDENCE","RES","RES","333","R1","FIELD_CHECK","","TRACES / destino UE Cuando el destino y el tipo de trofeo entren en el régimen europeo correspondiente, verificar requisitos del establecimiento y del certificado antes del embarque. La matriz de cumplimiento se llena con evidencia del sitio: documento, fotografía, HDS, registro, capacitación o inspección. Sin evidencia, el punto permanece"
"DOCUMENT_EVIDENCE","RES","RES","333","R1","FIELD_CHECK","","requisitos del establecimiento y del certificado antes del embarque. La matriz de cumplimiento se llena con evidencia del sitio: documento, fotografía, HDS, registro, capacitación o inspección. Sin evidencia, el punto permanece sin evaluar."
"DOCUMENT_EVIDENCE","RES","RES","333","R1","FIELD_CHECK","","La matriz de cumplimiento se llena con evidencia del sitio: documento, fotografía, HDS, registro, capacitación o inspección. Sin evidencia, el punto permanece sin evaluar. LIBRO VI / CONTROL OPERATIVO 450 / 474"
"DOCUMENT_EVIDENCE","RES","RES","335","R2","FIELD_CHECK","","G E S T I Ó N Y E V I D E N C I A Matriz de cumplimiento operativo Cada requisito se demuestra con evidencia física, documental o medición. Cuando la obligación requiera dictamen, estudio o trámite"
"DOCUMENT_EVIDENCE","RES","RES","335","R2","FIELD_CHECK","","Matriz de cumplimiento operativo Cada requisito se demuestra con evidencia física, documental o medición. Cuando la obligación requiera dictamen, estudio o trámite externo, el expediente conserva además el documento emitido por la autoridad o especialista competente."
"DOCUMENT_EVIDENCE","RES","RES","335","R2","FIELD_CHECK","","Cada requisito se demuestra con evidencia física, documental o medición. Cuando la obligación requiera dictamen, estudio o trámite externo, el expediente conserva además el documento emitido por la autoridad o especialista competente. Referencia Condición que controla Evidencia mínima Regla permanente"
"DOCUMENT_EVIDENCE","RES","RES","335","R3","FIELD_CHECK","","externo, el expediente conserva además el documento emitido por la autoridad o especialista competente. Referencia Condición que controla Evidencia mínima Regla permanente STPS-2008"
"DOCUMENT_EVIDENCE","RES","RES","335","R2","FIELD_CHECK","","dispositivos y mantenimiento. Inventario + placas + guardas + procedimientos + bitácoras."
"DOCUMENT_EVIDENCE","RES","RES","335","R2","FIELD_CHECK","","Inventario + placas + guardas + procedimientos + bitácoras. No operar equipo con guarda/dispositivo retirado"
"DOCUMENT_EVIDENCE","RES","RES","335","R3","FIELD_CHECK","","procedimientos + bitácoras. No operar equipo con guarda/dispositivo retirado o condición anormal sin corregir."
"DOCUMENT_EVIDENCE","RES","RES","335","R1","FIELD_CHECK","","Identificación y comunicación de peligros químicos. Inventario + HDS en español + etiquetas/"
"DOCUMENT_EVIDENCE","RES","RES","335","R1","FIELD_CHECK","","peligros químicos. Inventario + HDS en español + etiquetas/ rotulado + capacitación."
"DOCUMENT_EVIDENCE","RES","RES","335","R1","FIELD_CHECK","","Inventario + HDS en español + etiquetas/ rotulado + capacitación. Ningún químico de proceso permanece sin"
"DOCUMENT_EVIDENCE","RES","RES","335","R1","FIELD_CHECK","","rotulado + capacitación. Ningún químico de proceso permanece sin identidad y HDS accesible."
"DOCUMENT_EVIDENCE","RES","RES","335","R1","FIELD_CHECK","","Ningún químico de proceso permanece sin identidad y HDS accesible. STPS-2008"
"DOCUMENT_EVIDENCE","RES","RES","335","R1","FIELD_CHECK","","identidad y HDS accesible. STPS-2008 Iluminación por tarea visual. Lecturas de lux + plano de luminarias +"
"DOCUMENT_EVIDENCE","RES","RES","336","R1","FIELD_CHECK","","recuperación. No asumir cobertura por existir una póliza. Evidencia maestra Unificar documentos, registros, fotografías, HDS, mediciones y"
"DOCUMENT_EVIDENCE","RES","RES","336","R1","FIELD_CHECK","","Unificar documentos, registros, fotografías, HDS, mediciones y pruebas mediante IDs. Cada evidencia se guarda con requisito, fecha, responsable y nivel de acceso."
"DOCUMENT_EVIDENCE","RES","RES","336","R1","FIELD_CHECK","","La misma realidad debe coincidir entre BIWO/ERP, pieza física, inventario, cobranza, compras, mantenimiento, permisos, capacitación y documentos de dirección."
"DOCUMENT_EVIDENCE","RES","RES","336","R1","FIELD_CHECK","","física, inventario, cobranza, compras, mantenimiento, permisos, capacitación y documentos de dirección. Antes de cerrar un requisito gerencial: fijar jurisdicción/entidad/domicilio cuando aplique · usar la fuente primaria vigente · distinguir"
"DOCUMENT_EVIDENCE","RES","RES","336","R1","CONFIRM_FIRST","","permisos, capacitación y documentos de dirección. Antes de cerrar un requisito gerencial: fijar jurisdicción/entidad/domicilio cuando aplique · usar la fuente primaria vigente · distinguir obligatorio, condicional, buena práctica y pendiente · conservar evidencia objetiva · definir renovación o cambio que obliga a revisar de"
"DOCUMENT_EVIDENCE","RES","RES","338","R3","FIELD_CHECK","","LIBRO VI / TRAMITOLOGÍA Protección Civil · expediente de implementación Objetivo: llegar a la autoridad con el inmueble corregido y el expediente armado; la autoridad competente confirma"
"DOCUMENT_EVIDENCE","RES","RES","338","R3","FIELD_CHECK","","Protección Civil · expediente de implementación Objetivo: llegar a la autoridad con el inmueble corregido y el expediente armado; la autoridad competente confirma alcance, presentación y vigencia."
"DOCUMENT_EVIDENCE","RES","RES","338","R3","FIELD_CHECK","","Objetivo: llegar a la autoridad con el inmueble corregido y el expediente armado; la autoridad competente confirma alcance, presentación y vigencia. 1. Confirmar autoridad y aplicabilidad"
"DOCUMENT_EVIDENCE","RES","RES","338","R3","FIELD_CHECK","","Confirmar con el domicilio exacto si el Programa Interno se revisa/avala por Protección Civil municipal, estatal o mediante coordinación entre ambas. La Ley estatal vigente exige PIPC para inmuebles o instalaciones que por naturaleza o uso reciban afluencia constante o masiva. 2. Integrar expediente del inmueble"
"DOCUMENT_EVIDENCE","RES","RES","338","R2","FIELD_CHECK","","ambas. La Ley estatal vigente exige PIPC para inmuebles o instalaciones que por naturaleza o uso reciban afluencia constante o masiva. 2. Integrar expediente del inmueble Razón social/ocupante, domicilio, superficie/uso, aforo, responsables, planos, rutas, inventario de riesgos, equipo de emergencia, mantenimiento,"
"DOCUMENT_EVIDENCE","RES","RES","338","R2","FIELD_CHECK","","2. Integrar expediente del inmueble Razón social/ocupante, domicilio, superficie/uso, aforo, responsables, planos, rutas, inventario de riesgos, equipo de emergencia, mantenimiento, instalaciones y seguros/dictámenes que correspondan."
"DOCUMENT_EVIDENCE","RES","RES","339","R3","FIELD_CHECK","","Especie, condición del trofeo, tratamiento, uso final, país/puerto de entrada e importador. Confirmar requisitos zoosanitarios del destino antes de preparar el embarque. 2. Construir expediente técnico del establecimiento"
"DOCUMENT_EVIDENCE","RES","RES","339","R3","FIELD_CHECK","","preparar el embarque. 2. Construir expediente técnico del establecimiento Nombre/domicilio, proceso, diagrama de flujo, materias de origen animal, tratamientos, tiempos/temperaturas cuando apliquen,"
"DOCUMENT_EVIDENCE","RES","RES","339","R2","FIELD_CHECK","","2. Construir expediente técnico del establecimiento Nombre/domicilio, proceso, diagrama de flujo, materias de origen animal, tratamientos, tiempos/temperaturas cuando apliquen, limpieza/desinfección, trazabilidad, almacenamiento, embalaje y evidencia del sistema."
"DOCUMENT_EVIDENCE","RES","RES","339","R1","FIELD_CHECK","","Para game trophies, la Comisión Europea exige origen en establecimiento aprobado/registrado; establecimientos no UE se notifican en TRACES bajo Section VI · Game trophies plants, categoría 2 o 3 según corresponda. 5. Embarque y expediente por orden"
"DOCUMENT_EVIDENCE","RES","RES","339","R1","FIELD_CHECK","","bajo Section VI · Game trophies plants, categoría 2 o 3 según corresponda. 5. Embarque y expediente por orden Vincular ID de pieza/orden, legal procedencia, tratamiento, fotografías, permiso/certificado aplicable, documento sanitario/TRACES,"
"DOCUMENT_EVIDENCE","RES","RES","339","R1","FIELD_CHECK","","5. Embarque y expediente por orden Vincular ID de pieza/orden, legal procedencia, tratamiento, fotografías, permiso/certificado aplicable, documento sanitario/TRACES, factura/packing list y evidencia de salida/entrega."
"DOCUMENT_EVIDENCE","RES","RES","339","R1","FIELD_CHECK","","Vincular ID de pieza/orden, legal procedencia, tratamiento, fotografías, permiso/certificado aplicable, documento sanitario/TRACES, factura/packing list y evidencia de salida/entrega. LIBRO VI / TRACES NT"
"DOCUMENT_EVIDENCE","RES","RES","340","R1","FIELD_CHECK","","LIBRO VI / TRAMITOLOGÍA CITES / SEMARNAT · expediente por envío Separar legal procedencia, regulación de vida silvestre y requisitos sanitarios: pueden concurrir y ninguno sustituye al"
"DOCUMENT_EVIDENCE","RES","RES","340","R1","FIELD_CHECK","","CITES / SEMARNAT · expediente por envío Separar legal procedencia, regulación de vida silvestre y requisitos sanitarios: pueden concurrir y ninguno sustituye al SEMARNAT-08-009"
"DOCUMENT_EVIDENCE","RES","RES","340","R1","FIELD_CHECK","","Separar legal procedencia, regulación de vida silvestre y requisitos sanitarios: pueden concurrir y ninguno sustituye al SEMARNAT-08-009 Trámite para autorización, permiso o certificado de importación, exportación o reexportación de ejemplares, partes y derivados, CITES o no"
"DOCUMENT_EVIDENCE","RES","RES","340","R1","FIELD_CHECK","","SEMARNAT-08-009 Trámite para autorización, permiso o certificado de importación, exportación o reexportación de ejemplares, partes y derivados, CITES o no CITES sujetos a regulación."
"DOCUMENT_EVIDENCE","RES","RES","340","R1","FIELD_CHECK","","Trámite para autorización, permiso o certificado de importación, exportación o reexportación de ejemplares, partes y derivados, CITES o no CITES sujetos a regulación. Expediente base"
"DOCUMENT_EVIDENCE","RES","RES","340","R1","FIELD_CHECK","","CITES sujetos a regulación. Expediente base Formato FF-SEMARNAT-008 vigente, personalidad/representación, legal procedencia, pago de derechos y permisos/certificados CITES previos"
"DOCUMENT_EVIDENCE","RES","RES","340","R1","FIELD_CHECK","","Expediente base Formato FF-SEMARNAT-008 vigente, personalidad/representación, legal procedencia, pago de derechos y permisos/certificados CITES previos cuando correspondan."
"DOCUMENT_EVIDENCE","RES","RES","340","R1","FIELD_CHECK","","Formato FF-SEMARNAT-008 vigente, personalidad/representación, legal procedencia, pago de derechos y permisos/certificados CITES previos cuando correspondan. VUCEM / presentación"
"DOCUMENT_EVIDENCE","RES","RES","340","R1","FIELD_CHECK","","documentos presentados. Cadena por orden ID de pieza, especie, procedencia, permiso/registro origen, transformación/tratamiento, fotografías, factura, packing list, CITES/SEMARNAT,"
"DOCUMENT_EVIDENCE","RES","RES","340","R1","FIELD_CHECK","","Cadena por orden ID de pieza, especie, procedencia, permiso/registro origen, transformación/tratamiento, fotografías, factura, packing list, CITES/SEMARNAT, zoosanitario y entrega."
"DOCUMENT_EVIDENCE","RES","RES","340","R1","FIELD_CHECK","","ID de pieza, especie, procedencia, permiso/registro origen, transformación/tratamiento, fotografías, factura, packing list, CITES/SEMARNAT, zoosanitario y entrega. Control de vigencia"
"DOCUMENT_EVIDENCE","RES","RES","340","R3","FIELD_CHECK","","zoosanitario y entrega. Control de vigencia No reutilizar un documento de otra pieza, entidad, domicilio o vigencia. Antes de embarcar, César reconcilia expediente físico/digital con la orden"
"DOCUMENT_EVIDENCE","RES","RES","340","R3","FIELD_CHECK","","Control de vigencia No reutilizar un documento de otra pieza, entidad, domicilio o vigencia. Antes de embarcar, César reconcilia expediente físico/digital con la orden y el destino."
"DOCUMENT_EVIDENCE","RES","RES","340","R1","FIELD_CHECK","","No reutilizar un documento de otra pieza, entidad, domicilio o vigencia. Antes de embarcar, César reconcilia expediente físico/digital con la orden y el destino. Fuentes de control verificadas para esta edición: SEMARNAT · trámite SEMARNAT-08-009 y formato FF-SEMARNAT-008 publicado"
"DOCUMENT_EVIDENCE","RES","RES","341","R3","FIELD_CHECK","","LIBRO VI / PLAN DE CIERRE Tramitología · tablero de ejecución César administra expediente y vigencias; Guicho cierra condiciones físicas; Dirección resuelve decisiones y"
"DOCUMENT_EVIDENCE","RES","RES","341","R3","FIELD_CHECK","","Tramitología · tablero de ejecución César administra expediente y vigencias; Guicho cierra condiciones físicas; Dirección resuelve decisiones y firma/representación cuando corresponda."
"DOCUMENT_EVIDENCE","RES","RES","341","R3","FIELD_CHECK","","César administra expediente y vigencias; Guicho cierra condiciones físicas; Dirección resuelve decisiones y firma/representación cuando corresponda. FRENTE ACCIÓN RESPONSABLE FECHA EST."
"DOCUMENT_EVIDENCE","RES","RES","341","R1","FIELD_CHECK","","TRACES / UE Solicitar ruta de habilitación de establecimiento con SENASICA César + Dirección ____ □ TRACES / UE Atender inspección / notificación-listado en TRACES Dirección + César ____ □ CITES / SEMARNAT Armar expediente de legal procedencia por especie/orden César ____ □"
"DOCUMENT_EVIDENCE","RES","RES","341","R1","FIELD_CHECK","","TRACES / UE Atender inspección / notificación-listado en TRACES Dirección + César ____ □ CITES / SEMARNAT Armar expediente de legal procedencia por especie/orden César ____ □ SEMARNAT-08-009 Presentar trámite cuando aplique al movimiento César / representante ____ □"
"DOCUMENT_EVIDENCE","RES","RES","341","R1","FIELD_CHECK","","CITES / SEMARNAT Armar expediente de legal procedencia por especie/orden César ____ □ SEMARNAT-08-009 Presentar trámite cuando aplique al movimiento César / representante ____ □ LIBRO VI / PLAN DE CIERRE DE TRAMITOLOGÍA"
"DOCUMENT_EVIDENCE","RES","RES","342","R1","FIELD_CHECK","","ASSURANCE / VERIFICACIÓN DOCUMENTAL Expediente gerencial · 1/6 La verificación confirma alcance, vigencia, entidad, domicilio y evidencia. Un archivo con nombre de “permiso” no"
"DOCUMENT_EVIDENCE","RES","RES","342","R1","FIELD_CHECK","","Expediente gerencial · 1/6 La verificación confirma alcance, vigencia, entidad, domicilio y evidencia. Un archivo con nombre de “permiso” no prueba por sí solo que el requisito esté cubierto."
"DOCUMENT_EVIDENCE","RES","RES","342","R1","FIELD_CHECK","TS-118","La verificación confirma alcance, vigencia, entidad, domicilio y evidencia. Un archivo con nombre de “permiso” no prueba por sí solo que el requisito esté cubierto. TS-118 Entidad y sitio"
"DOCUMENT_EVIDENCE","RES","RES","342","R1","FIELD_CHECK","TS-118","prueba por sí solo que el requisito esté cubierto. TS-118 Entidad y sitio Entidad legal, RFC y domicilio del sitio coherentes en expedientes y permisos."
"DOCUMENT_EVIDENCE","RES","RES","342","R1","FIELD_CHECK","TS-118","TS-118 Entidad y sitio Entidad legal, RFC y domicilio del sitio coherentes en expedientes y permisos. RESULTADO"
"DOCUMENT_EVIDENCE","RES","RES","342","R1","FIELD_CHECK","","Entidad legal, RFC y domicilio del sitio coherentes en expedientes y permisos. RESULTADO C / NC / NA / NV"
"DOCUMENT_EVIDENCE","RES","RES","342","R1","FIELD_CHECK","TS-119","TS-119 Operación municipal Licencias o permisos municipales aplicables identificados, vigentes y con calendario de renovación."
"DOCUMENT_EVIDENCE","RES","RES","342","R1","FIELD_CHECK","","Licencias o permisos municipales aplicables identificados, vigentes y con calendario de renovación. RESULTADO"
"DOCUMENT_EVIDENCE","RES","RES","343","R1","FIELD_CHECK","","ASSURANCE / VERIFICACIÓN DOCUMENTAL Expediente gerencial · 2/6 La verificación confirma alcance, vigencia, entidad, domicilio y evidencia. Un archivo con nombre de “permiso” no"
"DOCUMENT_EVIDENCE","RES","RES","343","R1","FIELD_CHECK","","Expediente gerencial · 2/6 La verificación confirma alcance, vigencia, entidad, domicilio y evidencia. Un archivo con nombre de “permiso” no prueba por sí solo que el requisito esté cubierto."
"DOCUMENT_EVIDENCE","RES","RES","343","R2","FIELD_CHECK","TS-123","TS-123 Capacitación Matriz y constancias o registros de capacitación por riesgo y tarea. RESULTADO"
"DOCUMENT_EVIDENCE","RES","RES","343","R2","FIELD_CHECK","","Matriz y constancias o registros de capacitación por riesgo y tarea. RESULTADO C / NC / NA / NV"
"DOCUMENT_EVIDENCE","RES","RES","343","R1","FIELD_CHECK","TS-125","Evid.: _________ Resp.: Guicho / César TS-125 Químicos y HDS"
"DOCUMENT_EVIDENCE","RES","RES","343","R1","FIELD_CHECK","TS-125","TS-125 Químicos y HDS Inventario, HDS, riesgo y capacitación de químicos controlados. RESULTADO"
"DOCUMENT_EVIDENCE","RES","RES","343","R1","FIELD_CHECK","","Inventario, HDS, riesgo y capacitación de químicos controlados. RESULTADO C / NC / NA / NV"
"DOCUMENT_EVIDENCE","RES","RES","344","R1","FIELD_CHECK","","ASSURANCE / VERIFICACIÓN DOCUMENTAL Expediente gerencial · 3/6 La verificación confirma alcance, vigencia, entidad, domicilio y evidencia. Un archivo con nombre de “permiso” no"
"DOCUMENT_EVIDENCE","RES","RES","344","R1","FIELD_CHECK","","Expediente gerencial · 3/6 La verificación confirma alcance, vigencia, entidad, domicilio y evidencia. Un archivo con nombre de “permiso” no prueba por sí solo que el requisito esté cubierto."
"DOCUMENT_EVIDENCE","RES","RES","344","R1","FIELD_CHECK","TS-126","prueba por sí solo que el requisito esté cubierto. TS-126 Recipientes a presión Expediente aplicable a compresor o equipo cuando entre en el alcance correspondiente."
"DOCUMENT_EVIDENCE","RES","RES","344","R1","FIELD_CHECK","TS-126","TS-126 Recipientes a presión Expediente aplicable a compresor o equipo cuando entre en el alcance correspondiente. RESULTADO"
"DOCUMENT_EVIDENCE","RES","RES","344","R3","FIELD_CHECK","","Expediente aplicable a compresor o equipo cuando entre en el alcance correspondiente. RESULTADO C / NC / NA / NV"
"DOCUMENT_EVIDENCE","RES","RES","345","R1","FIELD_CHECK","","ASSURANCE / VERIFICACIÓN DOCUMENTAL Expediente gerencial · 4/6 La verificación confirma alcance, vigencia, entidad, domicilio y evidencia. Un archivo con nombre de “permiso” no"
"DOCUMENT_EVIDENCE","RES","RES","345","R1","FIELD_CHECK","","Expediente gerencial · 4/6 La verificación confirma alcance, vigencia, entidad, domicilio y evidencia. Un archivo con nombre de “permiso” no prueba por sí solo que el requisito esté cubierto."
"DOCUMENT_EVIDENCE","RES","RES","345","R1","FIELD_CHECK","TS-132","TS-132 Agua y descarga Ruta de descarga determinada y permiso o muestreo según el destino real. RESULTADO"
"DOCUMENT_EVIDENCE","RES","RES","345","R1","FIELD_CHECK","","Ruta de descarga determinada y permiso o muestreo según el destino real. RESULTADO C / NC / NA / NV"
"DOCUMENT_EVIDENCE","RES","RES","346","R1","FIELD_CHECK","","ASSURANCE / VERIFICACIÓN DOCUMENTAL Expediente gerencial · 5/6 La verificación confirma alcance, vigencia, entidad, domicilio y evidencia. Un archivo con nombre de “permiso” no"
"DOCUMENT_EVIDENCE","RES","RES","346","R1","FIELD_CHECK","","Expediente gerencial · 5/6 La verificación confirma alcance, vigencia, entidad, domicilio y evidencia. Un archivo con nombre de “permiso” no prueba por sí solo que el requisito esté cubierto."
"DOCUMENT_EVIDENCE","RES","RES","346","R1","FIELD_CHECK","TS-134","prueba por sí solo que el requisito esté cubierto. TS-134 CITES Permisos o certificados CITES y cadena documental cuando especie u operación lo exijan."
"DOCUMENT_EVIDENCE","RES","RES","346","R1","FIELD_CHECK","TS-134","TS-134 CITES Permisos o certificados CITES y cadena documental cuando especie u operación lo exijan. RESULTADO"
"DOCUMENT_EVIDENCE","RES","RES","346","R1","FIELD_CHECK","","Permisos o certificados CITES y cadena documental cuando especie u operación lo exijan. RESULTADO C / NC / NA / NV"
"DOCUMENT_EVIDENCE","RES","RES","347","R1","FIELD_CHECK","","ASSURANCE / VERIFICACIÓN DOCUMENTAL Expediente gerencial · 6/6 La verificación confirma alcance, vigencia, entidad, domicilio y evidencia. Un archivo con nombre de “permiso” no"
"DOCUMENT_EVIDENCE","RES","RES","347","R1","FIELD_CHECK","","Expediente gerencial · 6/6 La verificación confirma alcance, vigencia, entidad, domicilio y evidencia. Un archivo con nombre de “permiso” no prueba por sí solo que el requisito esté cubierto."
"DOCUMENT_EVIDENCE","RES","RES","348","R3","FIELD_CHECK","","ROCA / EXPEDIENTE POR REUNIR ASSURANCE Expediente documental por reunir"
"DOCUMENT_EVIDENCE","RES","RES","348","R3","CONFIRM_FIRST","","ASSURANCE Expediente documental por reunir Todo documento ausente permanece como PENDIENTE. Antes de considerarlo cubierto, validar titular, entidad, domicilio,"
"DOCUMENT_EVIDENCE","RES","RES","348","R3","CONFIRM_FIRST","","Expediente documental por reunir Todo documento ausente permanece como PENDIENTE. Antes de considerarlo cubierto, validar titular, entidad, domicilio, actividad, vigencia, alcance y evidencia."
"DOCUMENT_EVIDENCE","RES","RES","349","R3","FIELD_CHECK","","ROCA / ASSURANCE / CORPORATIVO EXPEDIENTE Corporativo"
"DOCUMENT_EVIDENCE","RES","RES","349","R3","FIELD_CHECK","","EXPEDIENTE Corporativo Cada renglón se cierra con documento localizado, revisión de aplicabilidad y evidencia de vigencia/alcance."
"DOCUMENT_EVIDENCE","RES","RES","350","R3","FIELD_CHECK","","ROCA / ASSURANCE / CONTRATOS EXPEDIENTE Contratos"
"DOCUMENT_EVIDENCE","RES","RES","350","R3","FIELD_CHECK","","EXPEDIENTE Contratos Cada renglón se cierra con documento localizado, revisión de aplicabilidad y evidencia de vigencia/alcance."
"DOCUMENT_EVIDENCE","RES","RES","351","R3","FIELD_CHECK","","ROCA / ASSURANCE / PROPIEDAD INDUSTRIAL EXPEDIENTE Propiedad industrial"
"DOCUMENT_EVIDENCE","RES","RES","351","R3","FIELD_CHECK","","EXPEDIENTE Propiedad industrial Cada renglón se cierra con documento localizado, revisión de aplicabilidad y evidencia de vigencia/alcance."
"DOCUMENT_EVIDENCE","RES","RES","352","R3","FIELD_CHECK","","ROCA / ASSURANCE / TECNOLOGIA EXPEDIENTE Tecnologia"
"DOCUMENT_EVIDENCE","RES","RES","352","R3","FIELD_CHECK","","EXPEDIENTE Tecnologia Cada renglón se cierra con documento localizado, revisión de aplicabilidad y evidencia de vigencia/alcance."
"DOCUMENT_EVIDENCE","RES","RES","353","R3","FIELD_CHECK","","ROCA / ASSURANCE / CREDITO EXPEDIENTE Cada renglón se cierra con documento localizado, revisión de aplicabilidad y evidencia de vigencia/alcance."
"DOCUMENT_EVIDENCE","RES","RES","353","R3","FIELD_CHECK","","EXPEDIENTE Cada renglón se cierra con documento localizado, revisión de aplicabilidad y evidencia de vigencia/alcance. ID Documento / evidencia Aplica si Estado"
"DOCUMENT_EVIDENCE","RES","RES","354","R3","FIELD_CHECK","","ROCA / ASSURANCE / SEGUROS EXPEDIENTE Cada renglón se cierra con documento localizado, revisión de aplicabilidad y evidencia de vigencia/alcance."
"DOCUMENT_EVIDENCE","RES","RES","355","R3","FIELD_CHECK","","ROCA / ASSURANCE / INMUEBLE EXPEDIENTE Cada renglón se cierra con documento localizado, revisión de aplicabilidad y evidencia de vigencia/alcance."
"DOCUMENT_EVIDENCE","RES","RES","356","R3","FIELD_CHECK","","ROCA / ASSURANCE / MUNICIPAL EXPEDIENTE Municipal"
"DOCUMENT_EVIDENCE","RES","RES","356","R3","FIELD_CHECK","","EXPEDIENTE Municipal Cada renglón se cierra con documento localizado, revisión de aplicabilidad y evidencia de vigencia/alcance."
"DOCUMENT_EVIDENCE","RES","RES","357","R3","FIELD_CHECK","","ROCA / ASSURANCE / PROTECCION CIVIL EXPEDIENTE Proteccion Civil"
"DOCUMENT_EVIDENCE","RES","RES","357","R3","FIELD_CHECK","","EXPEDIENTE Proteccion Civil Cada renglón se cierra con documento localizado, revisión de aplicabilidad y evidencia de vigencia/alcance."
"DOCUMENT_EVIDENCE","RES","RES","357","R1","CONFIRM_FIRST","","PC-005 Brigadas y capacitacion segun programa/requisitos PENDIENTE PC-006 Simulacro y evidencia segun programa/requisitos PENDIENTE PC-007 Dictamen electrico cuando autoridad/riesgo lo requiera PENDIENTE"
"DOCUMENT_EVIDENCE","RES","RES","357","R1","CONFIRM_FIRST","","PC-006 Simulacro y evidencia segun programa/requisitos PENDIENTE PC-007 Dictamen electrico cuando autoridad/riesgo lo requiera PENDIENTE PC-008 Dictamen estructural cuando autoridad/riesgo lo requiera PENDIENTE"
"DOCUMENT_EVIDENCE","RES","RES","357","R1","CONFIRM_FIRST","","PC-007 Dictamen electrico cuando autoridad/riesgo lo requiera PENDIENTE PC-008 Dictamen estructural cuando autoridad/riesgo lo requiera PENDIENTE PC-009 Dictamen gas LP/natural si existe gas y aplica PENDIENTE"
"DOCUMENT_EVIDENCE","RES","RES","357","R3","CONFIRM_FIRST","","PC-008 Dictamen estructural cuando autoridad/riesgo lo requiera PENDIENTE PC-009 Dictamen gas LP/natural si existe gas y aplica PENDIENTE ROCA TAXIDERMY · PRE-CAMPO / PENDIENTES ABIERTOS 333 / 367 ROCA TAXIDERMY · MASTER INTEGRAL · PRE-CAMPO / PENDIENTES ABIERTOS"
"DOCUMENT_EVIDENCE","RES","RES","357","R3","CONFIRM_FIRST","","PC-009 Dictamen gas LP/natural si existe gas y aplica PENDIENTE ROCA TAXIDERMY · PRE-CAMPO / PENDIENTES ABIERTOS 333 / 367 ROCA TAXIDERMY · MASTER INTEGRAL · PRE-CAMPO / PENDIENTES ABIERTOS"
"DOCUMENT_EVIDENCE","RES","RES","358","R3","FIELD_CHECK","","ROCA / ASSURANCE / STPS EXPEDIENTE Cada renglón se cierra con documento localizado, revisión de aplicabilidad y evidencia de vigencia/alcance."
"DOCUMENT_EVIDENCE","RES","RES","358","R1","CONFIRM_FIRST","","STPS-002 Comision de seguridad e higiene segun obligaciones aplicables PENDIENTE STPS-003 Matriz EPP por puesto/tarea siempre que existan riesgos que lo requieran PENDIENTE STPS-004 Inventario HDS y comunicacion de peligros si se manejan sustancias peligrosas PENDIENTE"
"DOCUMENT_EVIDENCE","RES","RES","358","R1","CONFIRM_FIRST","","STPS-003 Matriz EPP por puesto/tarea siempre que existan riesgos que lo requieran PENDIENTE STPS-004 Inventario HDS y comunicacion de peligros si se manejan sustancias peligrosas PENDIENTE STPS-005 Estudio/registro de iluminacion segun NOM aplicable y tareas PENDIENTE"
"DOCUMENT_EVIDENCE","RES","RES","358","R1","CONFIRM_FIRST","","STPS-004 Inventario HDS y comunicacion de peligros si se manejan sustancias peligrosas PENDIENTE STPS-005 Estudio/registro de iluminacion segun NOM aplicable y tareas PENDIENTE STPS-006 Reconocimiento/evaluacion de agentes quimicos si el reconocimiento lo activa PENDIENTE"
"DOCUMENT_EVIDENCE","RES","RES","359","R3","FIELD_CHECK","","ROCA / ASSURANCE / AMBIENTAL EXPEDIENTE Ambiental"
"DOCUMENT_EVIDENCE","RES","RES","359","R3","FIELD_CHECK","","EXPEDIENTE Ambiental Cada renglón se cierra con documento localizado, revisión de aplicabilidad y evidencia de vigencia/alcance."
"DOCUMENT_EVIDENCE","RES","RES","359","R1","CONFIRM_FIRST","","AMB-001 Inventario de residuos por corriente siempre PENDIENTE AMB-002 Registro generador de residuos peligrosos SEMARNAT-07-017 si se generan residuos peligrosos PENDIENTE AMB-003 Bitacora residuos peligrosos si aplica PENDIENTE"
"DOCUMENT_EVIDENCE","RES","RES","359","R1","CONFIRM_FIRST","","AMB-002 Registro generador de residuos peligrosos SEMARNAT-07-017 si se generan residuos peligrosos PENDIENTE AMB-003 Bitacora residuos peligrosos si aplica PENDIENTE AMB-004 Manifiestos/recolector/destino autorizado si aplica PENDIENTE"
"DOCUMENT_EVIDENCE","RES","RES","359","R1","CONFIRM_FIRST","","AMB-003 Bitacora residuos peligrosos si aplica PENDIENTE AMB-004 Manifiestos/recolector/destino autorizado si aplica PENDIENTE AMB-005 Descarga de agua / permiso o condicion aplicable segun ruta real de descarga y competencia PENDIENTE"
"DOCUMENT_EVIDENCE","RES","RES","359","R1","CONFIRM_FIRST","","AMB-004 Manifiestos/recolector/destino autorizado si aplica PENDIENTE AMB-005 Descarga de agua / permiso o condicion aplicable segun ruta real de descarga y competencia PENDIENTE ROCA TAXIDERMY · PRE-CAMPO / PENDIENTES ABIERTOS 335 / 367 ROCA TAXIDERMY · MASTER INTEGRAL · PRE-CAMPO / PENDIENTES ABIERTOS"
"DOCUMENT_EVIDENCE","RES","RES","359","R1","CONFIRM_FIRST","","AMB-005 Descarga de agua / permiso o condicion aplicable segun ruta real de descarga y competencia PENDIENTE ROCA TAXIDERMY · PRE-CAMPO / PENDIENTES ABIERTOS 335 / 367 ROCA TAXIDERMY · MASTER INTEGRAL · PRE-CAMPO / PENDIENTES ABIERTOS"
"DOCUMENT_EVIDENCE","RES","RES","360","R3","FIELD_CHECK","","ROCA / ASSURANCE / MAQUINARIA Y EQUIPO EXPEDIENTE Maquinaria y equipo"
"DOCUMENT_EVIDENCE","RES","RES","360","R3","FIELD_CHECK","","EXPEDIENTE Maquinaria y equipo Cada renglón se cierra con documento localizado, revisión de aplicabilidad y evidencia de vigencia/alcance."
"DOCUMENT_EVIDENCE","RES","RES","361","R3","FIELD_CHECK","","ROCA / ASSURANCE / METROLOGIA EXPEDIENTE Metrologia"
"DOCUMENT_EVIDENCE","RES","RES","361","R3","FIELD_CHECK","","EXPEDIENTE Metrologia Cada renglón se cierra con documento localizado, revisión de aplicabilidad y evidencia de vigencia/alcance."
"DOCUMENT_EVIDENCE","RES","RES","362","R3","FIELD_CHECK","","ROCA / ASSURANCE / LABORAL EXPEDIENTE Cada renglón se cierra con documento localizado, revisión de aplicabilidad y evidencia de vigencia/alcance."
"DOCUMENT_EVIDENCE","RES","RES","363","R3","FIELD_CHECK","","ROCA / ASSURANCE / MIGRACION EXPEDIENTE Migracion"
"DOCUMENT_EVIDENCE","RES","RES","363","R3","FIELD_CHECK","","EXPEDIENTE Migracion Cada renglón se cierra con documento localizado, revisión de aplicabilidad y evidencia de vigencia/alcance."
"DOCUMENT_EVIDENCE","RES","RES","364","R3","FIELD_CHECK","","ROCA / ASSURANCE / FISCAL EXPEDIENTE Cada renglón se cierra con documento localizado, revisión de aplicabilidad y evidencia de vigencia/alcance."
"DOCUMENT_EVIDENCE","RES","RES","364","R3","CONFIRM_FIRST","","Cada renglón se cierra con documento localizado, revisión de aplicabilidad y evidencia de vigencia/alcance. ID Documento / evidencia Aplica si Estado FIS-001 Constancia/situacion fiscal y obligaciones siempre PENDIENTE"
"DOCUMENT_EVIDENCE","RES","RES","364","R3","CONFIRM_FIRST","","ID Documento / evidencia Aplica si Estado FIS-001 Constancia/situacion fiscal y obligaciones siempre PENDIENTE FIS-002 Expediente CFDI/facturacion siempre PENDIENTE"
"DOCUMENT_EVIDENCE","RES","RES","364","R3","CONFIRM_FIRST","","FIS-001 Constancia/situacion fiscal y obligaciones siempre PENDIENTE FIS-002 Expediente CFDI/facturacion siempre PENDIENTE FIS-003 Nomina y soporte siempre que haya personal en nomina PENDIENTE"
"DOCUMENT_EVIDENCE","RES","RES","364","R3","CONFIRM_FIRST","","FIS-002 Expediente CFDI/facturacion siempre PENDIENTE FIS-003 Nomina y soporte siempre que haya personal en nomina PENDIENTE ROCA TAXIDERMY · PRE-CAMPO / PENDIENTES ABIERTOS 340 / 367 ROCA TAXIDERMY · MASTER INTEGRAL · PRE-CAMPO / PENDIENTES ABIERTOS"
"DOCUMENT_EVIDENCE","RES","RES","365","R3","FIELD_CHECK","","ROCA / ASSURANCE / PRIVACIDAD EXPEDIENTE Privacidad"
"DOCUMENT_EVIDENCE","RES","RES","365","R3","FIELD_CHECK","","EXPEDIENTE Privacidad Cada renglón se cierra con documento localizado, revisión de aplicabilidad y evidencia de vigencia/alcance."
"DOCUMENT_EVIDENCE","RES","RES","366","R3","FIELD_CHECK","","ROCA / ASSURANCE / VIDA SILVESTRE EXPEDIENTE Vida silvestre"
"DOCUMENT_EVIDENCE","RES","RES","366","R3","FIELD_CHECK","","EXPEDIENTE Vida silvestre Cada renglón se cierra con documento localizado, revisión de aplicabilidad y evidencia de vigencia/alcance."
"DOCUMENT_EVIDENCE","RES","RES","366","R1","CONFIRM_FIRST","","WILD-001 Expediente de legal procedencia por pieza siempre para piezas reguladas PENDIENTE WILD-002 SEMARNAT-08-009 importacion/exportacion/reexportacion cuando aplique PENDIENTE WILD-003 CITES origen/destino especie/movimiento sujeto a CITES PENDIENTE"
"DOCUMENT_EVIDENCE","RES","RES","367","R1","FIELD_CHECK","","ROCA / ASSURANCE / SENASICA EXPEDIENTE Cada renglón se cierra con documento localizado, revisión de aplicabilidad y evidencia de vigencia/alcance."
"DOCUMENT_EVIDENCE","RES","RES","368","R3","FIELD_CHECK","","ROCA / ASSURANCE / TRACES EXPEDIENTE Cada renglón se cierra con documento localizado, revisión de aplicabilidad y evidencia de vigencia/alcance."
"DOCUMENT_EVIDENCE","RES","RES","369","R3","FIELD_CHECK","","ROCA / ASSURANCE / EMBALAJE INTERNACIONAL EXPEDIENTE Embalaje internacional"
"DOCUMENT_EVIDENCE","RES","RES","369","R3","FIELD_CHECK","","EXPEDIENTE Embalaje internacional Cada renglón se cierra con documento localizado, revisión de aplicabilidad y evidencia de vigencia/alcance."
"DOCUMENT_EVIDENCE","RES","RES","370","R3","FIELD_CHECK","","ROCA / ASSURANCE / VEHICULOS EXPEDIENTE Vehiculos"
"DOCUMENT_EVIDENCE","RES","RES","370","R3","FIELD_CHECK","","EXPEDIENTE Vehiculos Cada renglón se cierra con documento localizado, revisión de aplicabilidad y evidencia de vigencia/alcance."
"DOCUMENT_EVIDENCE","RES","RES","378","R1","FIELD_CHECK","","ENTREVISTADOR ¿Qué datos quedan ligados a la pieza? Registramos la especie, el nombre del propietario y el número de permiso."
"DOCUMENT_EVIDENCE","RES","RES","378","R1","FIELD_CHECK","","¿Qué datos quedan ligados a la pieza? Registramos la especie, el nombre del propietario y el número de permiso. ENTREVISTADOR"
"DOCUMENT_EVIDENCE","RES","RES","378","R1","FIELD_CHECK","","Registramos la especie, el nombre del propietario y el número de permiso. ENTREVISTADOR ¿Cuánto dura la hidratación?"
"DOCUMENT_EVIDENCE","RES","RES","389","R1","FIELD_CHECK","","P O S T E R O P E R AT I V O · Q U Í M I C O S Y M AT E R I A L E S ENVASE SIN IDENTIDAD = NO SE USA. Químico o mezcla de trabajo debe permanecer cerrada, identificada y en su zona. HDS/SDS y"
"DOCUMENT_EVIDENCE","RES","RES","389","R1","FIELD_CHECK","","ENVASE SIN IDENTIDAD = NO SE USA. Químico o mezcla de trabajo debe permanecer cerrada, identificada y en su zona. HDS/SDS y almacenamiento se controlan de acuerdo con el producto."
"DOCUMENT_EVIDENCE","RES","RES","389","R1","FIELD_CHECK","","Químico o mezcla de trabajo debe permanecer cerrada, identificada y en su zona. HDS/SDS y almacenamiento se controlan de acuerdo con el producto. A S Í S Í"
"DOCUMENT_EVIDENCE","RES","RES","390","R1","FIELD_CHECK","","A S Í S Í Registro y ubicación coinciden. Cliente/proyecto, permisos, fotografía y"
"DOCUMENT_EVIDENCE","RES","RES","390","R1","FIELD_CHECK","","Registro y ubicación coinciden. Cliente/proyecto, permisos, fotografía y ubicación se pueden rastrear sin preguntarle"
"DOCUMENT_EVIDENCE","RES","RES","390","R1","FIELD_CHECK","","Cliente/proyecto, permisos, fotografía y ubicación se pueden rastrear sin preguntarle a alguien “de memoria”."
"DOCUMENT_EVIDENCE","RET","Retoque","163","R1","FIELD_CHECK","RET-AREA-04","se registra punto, lectura, fecha e instrumento cuando la iluminancia gobierna el trabajo. RET-AREA-04 Ventilación y extracción La ventilación corresponde a la operación real. Cuando una HDS o el reconocimiento de exposición"
"DOCUMENT_EVIDENCE","RET","Retoque","163","R1","FIELD_CHECK","RET-AREA-04","RET-AREA-04 Ventilación y extracción La ventilación corresponde a la operación real. Cuando una HDS o el reconocimiento de exposición exige extracción localizada, el punto de generación queda capturado antes de liberar la estación."
"DOCUMENT_EVIDENCE","RET","Retoque","163","R1","FIELD_CHECK","RET-AREA-05","La ventilación corresponde a la operación real. Cuando una HDS o el reconocimiento de exposición exige extracción localizada, el punto de generación queda capturado antes de liberar la estación. RET-AREA-05 Emergencia"
"DOCUMENT_EVIDENCE","RET","Retoque","164","R1","FIELD_CHECK","","EVIDENCIA PARA CIERRE Una condición se declara conforme sólo cuando puede observarse, medirse o comprobarse con un registro vigente. La fotografía contextualiza; no sustituye una medición, una HDS, un mantenimiento ni la vigencia de un permiso."
"DOCUMENT_EVIDENCE","RET","Retoque","164","R1","FIELD_CHECK","","Una condición se declara conforme sólo cuando puede observarse, medirse o comprobarse con un registro vigente. La fotografía contextualiza; no sustituye una medición, una HDS, un mantenimiento ni la vigencia de un permiso. LIBRO IV / RETOQUE / ÁREA DE TRABAJO"
"DOCUMENT_EVIDENCE","RET","Retoque","164","R1","FIELD_CHECK","","fotografía contextualiza; no sustituye una medición, una HDS, un mantenimiento ni la vigencia de un permiso. LIBRO IV / RETOQUE / ÁREA DE TRABAJO 143 / 325 158 / 346"
"DOCUMENT_EVIDENCE","RET","Retoque","165","R2","FIELD_CHECK","","Cada persona se evalúa en su puesto real. Se eliminan los criterios que no apliquen a su tarea; no se usa una estación “típica” como sustituto. EVIDENCIA FOTOGRÁFICA REQUERIDA"
"DOCUMENT_EVIDENCE","RET","Retoque","165","R3","FIELD_CHECK","","“típica” como sustituto. EVIDENCIA FOTOGRÁFICA REQUERIDA Foto 1: persona en retoque real. Foto 2:"
"DOCUMENT_EVIDENCE","RET","Retoque","166","R3","FIELD_CHECK","","RET / EVIDENCIA Evidencia fotográfica requerida Las tomas se preparan para demostrar el estado del área; no son imágenes decorativas."
"DOCUMENT_EVIDENCE","RET","Retoque","166","R1","FIELD_CHECK","","Las tomas se preparan para demostrar el estado del área; no son imágenes decorativas. TOMA 01 · EVIDENCIA FOTOGRÁFICA REQUERIDA Panorámica del área de retoque mostrando estaciones, compresor, línea de aire, almacenamiento de pinturas/solventes y"
"DOCUMENT_EVIDENCE","RET","Retoque","166","R1","FIELD_CHECK","","TOMA 01 · EVIDENCIA FOTOGRÁFICA REQUERIDA Panorámica del área de retoque mostrando estaciones, compresor, línea de aire, almacenamiento de pinturas/solventes y circulación."
"DOCUMENT_EVIDENCE","RET","Retoque","166","R3","FIELD_CHECK","","circulación. Archivo / Evidence ID: ______________________________________ Fecha: __________ TOMA 02 · EVIDENCIA FOTOGRÁFICA REQUERIDA"
"DOCUMENT_EVIDENCE","RET","Retoque","166","R1","FIELD_CHECK","","Archivo / Evidence ID: ______________________________________ Fecha: __________ TOMA 02 · EVIDENCIA FOTOGRÁFICA REQUERIDA Compendio de 3 fotos del puesto de pintura: aerógrafo/pistola; producto identificado y cerrado; ventilación/extracción real del"
"DOCUMENT_EVIDENCE","RET","Retoque","166","R1","FIELD_CHECK","","TOMA 02 · EVIDENCIA FOTOGRÁFICA REQUERIDA Compendio de 3 fotos del puesto de pintura: aerógrafo/pistola; producto identificado y cerrado; ventilación/extracción real del punto donde se aplica color o solvente."
"DOCUMENT_EVIDENCE","RET","Retoque","166","R1","FIELD_CHECK","","punto donde se aplica color o solvente. Archivo / Evidence ID: ______________________________________ Fecha: __________ TOMA 03 · EVIDENCIA FOTOGRÁFICA REQUERIDA"
"DOCUMENT_EVIDENCE","RET","Retoque","166","R1","FIELD_CHECK","","TOMA 03 · EVIDENCIA FOTOGRÁFICA REQUERIDA Detalle de estación lista: pinceles/herramientas separados, inflamables resguardados, pieza identificada y superficie libre de residuos de pintura/solvente."
"DOCUMENT_EVIDENCE","RET","Retoque","167","R1","FIELD_CHECK","TS-018","Si hay ventilacion artificial, el aire extraido no se descarga a otra zona ocupada; se opera antes del ingreso cuando debe purgar contaminantes. Evidencia: __________________ Hallazgo/acción: __________________ Resp.: ______ Fecha: ______ TS-018 HDS □ C □ NC □ NA □ NV"
"DOCUMENT_EVIDENCE","RET","Retoque","167","R1","FIELD_CHECK","TS-018","TS-018 HDS □ C □ NC □ NA □ NV Cada sustancia/mezcla peligrosa tiene HDS accesible a quien la usa. Evidencia: __________________ Hallazgo/acción: __________________ Resp.: ______ Fecha: ______"
"DOCUMENT_EVIDENCE","RET","Retoque","167","R1","FIELD_CHECK","","Cada sustancia/mezcla peligrosa tiene HDS accesible a quien la usa. Evidencia: __________________ Hallazgo/acción: __________________ Resp.: ______ Fecha: ______ LIBRO IV / RETOQUE / VERIFICACIÓN"
"DOCUMENT_EVIDENCE","RET","Retoque","169","R1","FIELD_CHECK","TS-063","TS-063 Extraccion-retoque □ C □ NC □ NA □ NV Pintura/aerografo/solvente tienen extraccion localizada cuando HDS/reconocimiento indique vapor/aerosol; aire extraido no contamina otras Evidencia: __________________ Hallazgo/acción: __________________ Resp.: ______ Fecha: ______"
"DOCUMENT_EVIDENCE","RET","Retoque","169","R1","FIELD_CHECK","TS-064","Pintura/aerografo/solvente tienen extraccion localizada cuando HDS/reconocimiento indique vapor/aerosol; aire extraido no contamina otras Evidencia: __________________ Hallazgo/acción: __________________ Resp.: ______ Fecha: ______ TS-064 Residuos-solvente □ C □ NC □ NA □ NV"
"DOCUMENT_EVIDENCE","RET","Retoque","169","R1","FIELD_CHECK","TS-066","TS-066 EPP-respiratorio □ C □ NC □ NA □ NV Respirador/cartucho no se elige por costumbre; se selecciona por contaminante/HDS/exposicion y se almacena limpio. Evidencia: __________________ Hallazgo/acción: __________________ Resp.: ______ Fecha: ______"
"DOCUMENT_EVIDENCE","RET","Retoque","169","R1","FIELD_CHECK","","Respirador/cartucho no se elige por costumbre; se selecciona por contaminante/HDS/exposicion y se almacena limpio. Evidencia: __________________ Hallazgo/acción: __________________ Resp.: ______ Fecha: ______ LIBRO IV / RETOQUE / VERIFICACIÓN"
"DOCUMENT_EVIDENCE","RET","Retoque","181","R2","FIELD_CHECK","","Mantenimiento, limpieza y resguardo Cada equipo debe conservar identificación técnica, revisión antes/después de uso, mantenimiento preventivo, criterio de retiro de servicio, responsable y evidencia. La frecuencia preventiva se fija con el manual del fabricante, la placa del equipo y el historial real de uso del"
"DOCUMENT_EVIDENCE","RET","Retoque","181","R2","FIELD_CHECK","","Cada equipo debe conservar identificación técnica, revisión antes/después de uso, mantenimiento preventivo, criterio de retiro de servicio, responsable y evidencia. La frecuencia preventiva se fija con el manual del fabricante, la placa del equipo y el historial real de uso del Equipo Identificación"
"DOCUMENT_EVIDENCE","RET","Retoque","181","R3","FIELD_CHECK","","responsable y evidencia. La frecuencia preventiva se fija con el manual del fabricante, la placa del equipo y el historial real de uso del Equipo Identificación Después / antes"
"DOCUMENT_EVIDENCE","RET","Retoque","181","R3","FIELD_CHECK","","pérdida de función Responsable del área + bitácora de"
"DOCUMENT_EVIDENCE","RET","Retoque","181","R3","FIELD_CHECK","","Responsable del área + bitácora de intervención"
"DOCUMENT_EVIDENCE","RET","Retoque","181","R3","FIELD_CHECK","","área + bitácora de intervención Aerógrafos Identificación visible:"
"DOCUMENT_EVIDENCE","RET","Retoque","181","R3","FIELD_CHECK","","área + bitácora de intervención Pistola de"
"DOCUMENT_EVIDENCE","RET","Retoque","181","R3","FIELD_CHECK","","área + bitácora de intervención Secadora Identificación visible:"
"DOCUMENT_EVIDENCE","RET","Retoque","181","R3","FIELD_CHECK","","área + bitácora de intervención Caladora y"
"DOCUMENT_EVIDENCE","RET","Retoque","181","R3","FIELD_CHECK","","área + bitácora de intervención Taladro y"
"DOCUMENT_EVIDENCE","RET","Retoque","181","R3","FIELD_CHECK","","área + bitácora de intervención Grapadora"
"DOCUMENT_EVIDENCE","RET","Retoque","181","R3","FIELD_CHECK","","área + bitácora de intervención Identificación visible:"
"DOCUMENT_EVIDENCE","RET","Retoque","181","R3","FIELD_CHECK","","área + bitácora de intervención formones y"
"DOCUMENT_EVIDENCE","RET","Retoque","181","R3","FIELD_CHECK","","área + bitácora de intervención Resguardo del"
"DOCUMENT_EVIDENCE","RET","Retoque","182","R1","FIELD_CHECK","","consumibles Identificación, cierre, compatibilidad, ventilación, contención y separación de fuentes de ignición definidas por la HDS vigente del producto."
"DOCUMENT_EVIDENCE","RET","Retoque","182","R1","FIELD_CHECK","","Identificación, cierre, compatibilidad, ventilación, contención y separación de fuentes de ignición definidas por la HDS vigente del producto. FOTO + HDS"
"DOCUMENT_EVIDENCE","RET","Retoque","182","R1","FIELD_CHECK","","definidas por la HDS vigente del producto. FOTO + HDS Piezas en espera Zona definida, identificación visible y condición que no provoque contaminación, daño o confusión de"
"DOCUMENT_EVIDENCE","RET","Retoque","182","R1","FIELD_CHECK","","FOTO + HDS Piezas en espera Zona definida, identificación visible y condición que no provoque contaminación, daño o confusión de proyecto."
"DOCUMENT_EVIDENCE","RUT","RUT","313","R1","FIELD_CHECK","RUT-AREA-04","se registra punto, lectura, fecha e instrumento cuando la iluminancia gobierna el trabajo. RUT-AREA-04 Ventilación y extracción La ventilación corresponde a la operación real. Cuando una HDS o el reconocimiento de exposición"
"DOCUMENT_EVIDENCE","RUT","RUT","313","R1","FIELD_CHECK","RUT-AREA-04","RUT-AREA-04 Ventilación y extracción La ventilación corresponde a la operación real. Cuando una HDS o el reconocimiento de exposición exige extracción localizada, el punto de generación queda capturado antes de liberar la estación."
"DOCUMENT_EVIDENCE","RUT","RUT","313","R1","FIELD_CHECK","RUT-AREA-05","La ventilación corresponde a la operación real. Cuando una HDS o el reconocimiento de exposición exige extracción localizada, el punto de generación queda capturado antes de liberar la estación. RUT-AREA-05 Emergencia"
"DOCUMENT_EVIDENCE","RUT","RUT","314","R1","FIELD_CHECK","","EVIDENCIA PARA CIERRE Una condición se declara conforme sólo cuando puede observarse, medirse o comprobarse con un registro vigente. La fotografía contextualiza; no sustituye una medición, una HDS, un mantenimiento ni la vigencia de un permiso."
"DOCUMENT_EVIDENCE","RUT","RUT","314","R1","FIELD_CHECK","","Una condición se declara conforme sólo cuando puede observarse, medirse o comprobarse con un registro vigente. La fotografía contextualiza; no sustituye una medición, una HDS, un mantenimiento ni la vigencia de un permiso. LIBRO IV / CIRCULACIONES, ACCESOS Y RUTAS / ÁREA DE TRABAJO"
"DOCUMENT_EVIDENCE","RUT","RUT","314","R1","FIELD_CHECK","","fotografía contextualiza; no sustituye una medición, una HDS, un mantenimiento ni la vigencia de un permiso. LIBRO IV / CIRCULACIONES, ACCESOS Y RUTAS / ÁREA DE TRABAJO 269 / 325 297 / 346"
"DOCUMENT_EVIDENCE","RUT","RUT","315","R3","FIELD_CHECK","","RUT / EVIDENCIA Evidencia fotográfica requerida Las tomas se preparan para demostrar el estado del área; no son imágenes decorativas."
"DOCUMENT_EVIDENCE","RUT","RUT","315","R2","FIELD_CHECK","","Las tomas se preparan para demostrar el estado del área; no son imágenes decorativas. TOMA 01 · EVIDENCIA FOTOGRÁFICA REQUERIDA Secuencia longitudinal de las rutas principales desde dos extremos; deben verse pasillos libres, límites reconocibles y sin"
"DOCUMENT_EVIDENCE","RUT","RUT","315","R2","FIELD_CHECK","","TOMA 01 · EVIDENCIA FOTOGRÁFICA REQUERIDA Secuencia longitudinal de las rutas principales desde dos extremos; deben verse pasillos libres, límites reconocibles y sin cajas/cables/piezas."
"DOCUMENT_EVIDENCE","RUT","RUT","315","R3","FIELD_CHECK","","cajas/cables/piezas. Archivo / Evidence ID: ______________________________________ Fecha: __________ TOMA 02 · EVIDENCIA FOTOGRÁFICA REQUERIDA"
"DOCUMENT_EVIDENCE","RUT","RUT","315","R1","FIELD_CHECK","","Archivo / Evidence ID: ______________________________________ Fecha: __________ TOMA 02 · EVIDENCIA FOTOGRÁFICA REQUERIDA Extintor/salida/tablero: toma contextual que demuestre acceso completo y una toma cercana de señalización/identificación."
"DOCUMENT_EVIDENCE","RUT","RUT","315","R1","FIELD_CHECK","","TOMA 02 · EVIDENCIA FOTOGRÁFICA REQUERIDA Extintor/salida/tablero: toma contextual que demuestre acceso completo y una toma cercana de señalización/identificación. Archivo / Evidence ID: ______________________________________ Fecha: __________"
"DOCUMENT_EVIDENCE","RUT","RUT","315","R1","FIELD_CHECK","","Extintor/salida/tablero: toma contextual que demuestre acceso completo y una toma cercana de señalización/identificación. Archivo / Evidence ID: ______________________________________ Fecha: __________ TOMA 03 · EVIDENCIA FOTOGRÁFICA REQUERIDA"
"DOCUMENT_EVIDENCE","RUT","RUT","315","R2","FIELD_CHECK","","TOMA 03 · EVIDENCIA FOTOGRÁFICA REQUERIDA Cruce entre áreas: foto que muestre transición sin reducción de paso por almacenamiento temporal. Archivo / Evidence ID: ______________________________________ Fecha: __________"
"DOCUMENT_EVIDENCE","RUT","RUT","316","R1","FIELD_CHECK","RUT-AREA-04","RUT-AREA-04 Ventilación y extracción □ C □ NC □ NA □ NV La ventilación corresponde a la operación real. Cuando una HDS o el reconocimiento de exposición exige extracción localizada, el punto de generación queda capturado antes de liberar la estación."
"DOCUMENT_EVIDENCE","RUT","RUT","316","R1","FIELD_CHECK","","La ventilación corresponde a la operación real. Cuando una HDS o el reconocimiento de exposición exige extracción localizada, el punto de generación queda capturado antes de liberar la estación. Evidencia: __________________ Hallazgo/acción: __________________ Resp.: ______ Fecha: ______"
"DOCUMENT_EVIDENCE","SAN","SAN","303","R2","FIELD_CHECK","","EVENTOS ERP / REGISTRO sin evento de orden; conservar registro de mantenimiento/hallazgo cuando aplique"
"DOCUMENT_EVIDENCE","SAN","SAN","303","R2","FIELD_CHECK","","sin evento de orden; conservar registro de mantenimiento/hallazgo cuando aplique RECURSOS CRÍTICOS"
"DOCUMENT_EVIDENCE","SAN","SAN","304","R1","FIELD_CHECK","SAN-AREA-04","se registra punto, lectura, fecha e instrumento cuando la iluminancia gobierna el trabajo. SAN-AREA-04 Ventilación y extracción La ventilación corresponde a la operación real. Cuando una HDS o el reconocimiento de exposición"
"DOCUMENT_EVIDENCE","SAN","SAN","304","R1","FIELD_CHECK","SAN-AREA-04","SAN-AREA-04 Ventilación y extracción La ventilación corresponde a la operación real. Cuando una HDS o el reconocimiento de exposición exige extracción localizada, el punto de generación queda capturado antes de liberar la estación."
"DOCUMENT_EVIDENCE","SAN","SAN","304","R1","FIELD_CHECK","SAN-AREA-05","La ventilación corresponde a la operación real. Cuando una HDS o el reconocimiento de exposición exige extracción localizada, el punto de generación queda capturado antes de liberar la estación. SAN-AREA-05 Emergencia"
"DOCUMENT_EVIDENCE","SAN","SAN","305","R1","FIELD_CHECK","","EVIDENCIA PARA CIERRE Una condición se declara conforme sólo cuando puede observarse, medirse o comprobarse con un registro vigente. La fotografía contextualiza; no sustituye una medición, una HDS, un mantenimiento ni la vigencia de un permiso."
"DOCUMENT_EVIDENCE","SAN","SAN","305","R1","FIELD_CHECK","","Una condición se declara conforme sólo cuando puede observarse, medirse o comprobarse con un registro vigente. La fotografía contextualiza; no sustituye una medición, una HDS, un mantenimiento ni la vigencia de un permiso. LIBRO IV / SERVICIOS SANITARIOS / ÁREA DE TRABAJO"
"DOCUMENT_EVIDENCE","SAN","SAN","305","R1","FIELD_CHECK","","fotografía contextualiza; no sustituye una medición, una HDS, un mantenimiento ni la vigencia de un permiso. LIBRO IV / SERVICIOS SANITARIOS / ÁREA DE TRABAJO 262 / 325 289 / 346"
"DOCUMENT_EVIDENCE","SAN","SAN","306","R3","FIELD_CHECK","","SAN / EVIDENCIA Evidencia fotográfica requerida Las tomas se preparan para demostrar el estado del área; no son imágenes decorativas."
"DOCUMENT_EVIDENCE","SAN","SAN","306","R3","FIELD_CHECK","","Las tomas se preparan para demostrar el estado del área; no son imágenes decorativas. TOMA 01 · EVIDENCIA FOTOGRÁFICA REQUERIDA Compendio de 3 fotos. Foto 1: sanitario completo y vacío, mostrando WC, mingitorio si existe, lavamanos, piso, paredes y"
"DOCUMENT_EVIDENCE","SAN","SAN","306","R2","FIELD_CHECK","","TOMA 01 · EVIDENCIA FOTOGRÁFICA REQUERIDA Compendio de 3 fotos. Foto 1: sanitario completo y vacío, mostrando WC, mingitorio si existe, lavamanos, piso, paredes y acceso; limpio, iluminado, ventilado y sin almacenamiento técnico."
"DOCUMENT_EVIDENCE","SAN","SAN","306","R2","FIELD_CHECK","","acceso; limpio, iluminado, ventilado y sin almacenamiento técnico. Archivo / Evidence ID: ______________________________________ Fecha: __________ TOMA 02 · EVIDENCIA FOTOGRÁFICA REQUERIDA"
"DOCUMENT_EVIDENCE","SAN","SAN","306","R3","FIELD_CHECK","","Archivo / Evidence ID: ______________________________________ Fecha: __________ TOMA 02 · EVIDENCIA FOTOGRÁFICA REQUERIDA Foto 2: acercamiento del lavamanos demostrando suministro de agua, jabón y medio higiénico para secado de manos;"
"DOCUMENT_EVIDENCE","SAN","SAN","306","R3","FIELD_CHECK","","TOMA 02 · EVIDENCIA FOTOGRÁFICA REQUERIDA Foto 2: acercamiento del lavamanos demostrando suministro de agua, jabón y medio higiénico para secado de manos; superficie sin residuos ni recipientes ajenos."
"DOCUMENT_EVIDENCE","SAN","SAN","306","R3","FIELD_CHECK","","superficie sin residuos ni recipientes ajenos. Archivo / Evidence ID: ______________________________________ Fecha: __________ TOMA 03 · EVIDENCIA FOTOGRÁFICA REQUERIDA"
"DOCUMENT_EVIDENCE","SAN","SAN","306","R1","FIELD_CHECK","","TOMA 03 · EVIDENCIA FOTOGRÁFICA REQUERIDA Foto 3: iluminación/ventilación y condición de cierre: luminaria/ventana/extractor según exista, piso seco, papelera definida y puerta/cerradura en condición. No fotografiar personas, ropa, pertenencias privadas ni el sanitario en uso."
"DOCUMENT_EVIDENCE","SAN","SAN","307","R1","FIELD_CHECK","SAN-AREA-04","SAN-AREA-04 Ventilación y extracción □ C □ NC □ NA □ NV La ventilación corresponde a la operación real. Cuando una HDS o el reconocimiento de exposición exige extracción localizada, el punto de generación queda capturado antes de liberar la estación."
"DOCUMENT_EVIDENCE","SAN","SAN","307","R1","FIELD_CHECK","","La ventilación corresponde a la operación real. Cuando una HDS o el reconocimiento de exposición exige extracción localizada, el punto de generación queda capturado antes de liberar la estación. Evidencia: __________________ Hallazgo/acción: __________________ Resp.: ______ Fecha: ______"
"DOCUMENT_EVIDENCE","SOL","Soldadura / Adaptación","226","R1","FIELD_CHECK","SOL-AREA-04","se registra punto, lectura, fecha e instrumento cuando la iluminancia gobierna el trabajo. SOL-AREA-04 Ventilación y extracción La ventilación corresponde a la operación real. Cuando una HDS o el reconocimiento de exposición"
"DOCUMENT_EVIDENCE","SOL","Soldadura / Adaptación","226","R1","FIELD_CHECK","SOL-AREA-04","SOL-AREA-04 Ventilación y extracción La ventilación corresponde a la operación real. Cuando una HDS o el reconocimiento de exposición exige extracción localizada, el punto de generación queda capturado antes de liberar la estación."
"DOCUMENT_EVIDENCE","SOL","Soldadura / Adaptación","226","R1","FIELD_CHECK","SOL-AREA-05","La ventilación corresponde a la operación real. Cuando una HDS o el reconocimiento de exposición exige extracción localizada, el punto de generación queda capturado antes de liberar la estación. SOL-AREA-05 Emergencia"
"DOCUMENT_EVIDENCE","SOL","Soldadura / Adaptación","227","R1","FIELD_CHECK","","EVIDENCIA PARA CIERRE Una condición se declara conforme sólo cuando puede observarse, medirse o comprobarse con un registro vigente. La fotografía contextualiza; no sustituye una medición, una HDS, un mantenimiento ni la vigencia de un permiso."
"DOCUMENT_EVIDENCE","SOL","Soldadura / Adaptación","227","R1","FIELD_CHECK","","Una condición se declara conforme sólo cuando puede observarse, medirse o comprobarse con un registro vigente. La fotografía contextualiza; no sustituye una medición, una HDS, un mantenimiento ni la vigencia de un permiso. LIBRO IV / SOLDADURA Y ADAPTACIÓN / ÁREA DE TRABAJO"
"DOCUMENT_EVIDENCE","SOL","Soldadura / Adaptación","227","R1","FIELD_CHECK","","fotografía contextualiza; no sustituye una medición, una HDS, un mantenimiento ni la vigencia de un permiso. LIBRO IV / SOLDADURA Y ADAPTACIÓN / ÁREA DE TRABAJO 199 / 325 218 / 346"
"DOCUMENT_EVIDENCE","SOL","Soldadura / Adaptación","228","R2","FIELD_CHECK","","Cada persona se evalúa en su puesto real. Se eliminan los criterios que no apliquen a su tarea; no se usa una estación “típica” como sustituto. EVIDENCIA FOTOGRÁFICA REQUERIDA"
"DOCUMENT_EVIDENCE","SOL","Soldadura / Adaptación","228","R1","FIELD_CHECK","","“típica” como sustituto. EVIDENCIA FOTOGRÁFICA REQUERIDA Foto 1: persona en trabajo en caliente con EPP"
"DOCUMENT_EVIDENCE","SOL","Soldadura / Adaptación","229","R3","FIELD_CHECK","","SOL / EVIDENCIA Evidencia fotográfica requerida Las tomas se preparan para demostrar el estado del área; no son imágenes decorativas."
"DOCUMENT_EVIDENCE","SOL","Soldadura / Adaptación","229","R3","FIELD_CHECK","","Las tomas se preparan para demostrar el estado del área; no son imágenes decorativas. TOMA 01 · EVIDENCIA FOTOGRÁFICA REQUERIDA Panorámica del punto de trabajo con mampara/límite, mesa o sujeción, soldadora y recorrido libre alrededor."
"DOCUMENT_EVIDENCE","SOL","Soldadura / Adaptación","229","R3","FIELD_CHECK","","TOMA 01 · EVIDENCIA FOTOGRÁFICA REQUERIDA Panorámica del punto de trabajo con mampara/límite, mesa o sujeción, soldadora y recorrido libre alrededor. Archivo / Evidence ID: ______________________________________ Fecha: __________"
"DOCUMENT_EVIDENCE","SOL","Soldadura / Adaptación","229","R3","FIELD_CHECK","","Panorámica del punto de trabajo con mampara/límite, mesa o sujeción, soldadora y recorrido libre alrededor. Archivo / Evidence ID: ______________________________________ Fecha: __________ TOMA 02 · EVIDENCIA FOTOGRÁFICA REQUERIDA"
"DOCUMENT_EVIDENCE","SOL","Soldadura / Adaptación","229","R1","FIELD_CHECK","","Archivo / Evidence ID: ______________________________________ Fecha: __________ TOMA 02 · EVIDENCIA FOTOGRÁFICA REQUERIDA Compendio de 3 fotos: cables/pinza/porta-electrodo o antorcha; ventilación/extracción; extintor/cobertura accesible y"
"DOCUMENT_EVIDENCE","SOL","Soldadura / Adaptación","229","R1","FIELD_CHECK","","TOMA 02 · EVIDENCIA FOTOGRÁFICA REQUERIDA Compendio de 3 fotos: cables/pinza/porta-electrodo o antorcha; ventilación/extracción; extintor/cobertura accesible y señalizada."
"DOCUMENT_EVIDENCE","SOL","Soldadura / Adaptación","229","R3","FIELD_CHECK","","señalizada. Archivo / Evidence ID: ______________________________________ Fecha: __________ TOMA 03 · EVIDENCIA FOTOGRÁFICA REQUERIDA"
"DOCUMENT_EVIDENCE","SOL","Soldadura / Adaptación","229","R2","FIELD_CHECK","","TOMA 03 · EVIDENCIA FOTOGRÁFICA REQUERIDA Pieza durante una adaptación real: sujeción estable, herramienta en uso y zona protegida de chispas respecto a terceros/material combustible."
"DOCUMENT_EVIDENCE","SOL","Soldadura / Adaptación","230","R1","FIELD_CHECK","TS-018","Si hay ventilacion artificial, el aire extraido no se descarga a otra zona ocupada; se opera antes del ingreso cuando debe purgar contaminantes. Evidencia: __________________ Hallazgo/acción: __________________ Resp.: ______ Fecha: ______ TS-018 HDS □ C □ NC □ NA □ NV"
"DOCUMENT_EVIDENCE","SOL","Soldadura / Adaptación","230","R1","FIELD_CHECK","TS-018","TS-018 HDS □ C □ NC □ NA □ NV Cada sustancia/mezcla peligrosa tiene HDS accesible a quien la usa. Evidencia: __________________ Hallazgo/acción: __________________ Resp.: ______ Fecha: ______"
"DOCUMENT_EVIDENCE","SOL","Soldadura / Adaptación","230","R1","FIELD_CHECK","","Cada sustancia/mezcla peligrosa tiene HDS accesible a quien la usa. Evidencia: __________________ Hallazgo/acción: __________________ Resp.: ______ Fecha: ______ LIBRO IV / SOLDADURA Y ADAPTACIÓN / VERIFICACIÓN"
"DOCUMENT_EVIDENCE","SOL","Soldadura / Adaptación","235","R2","FIELD_CHECK","","Mantenimiento, limpieza y resguardo Cada equipo debe conservar identificación técnica, revisión antes/después de uso, mantenimiento preventivo, criterio de retiro de servicio, responsable y evidencia. La frecuencia preventiva se fija con el manual del fabricante, la placa del equipo y el historial real de uso del"
"DOCUMENT_EVIDENCE","SOL","Soldadura / Adaptación","235","R2","FIELD_CHECK","","Cada equipo debe conservar identificación técnica, revisión antes/después de uso, mantenimiento preventivo, criterio de retiro de servicio, responsable y evidencia. La frecuencia preventiva se fija con el manual del fabricante, la placa del equipo y el historial real de uso del Equipo Identificación"
"DOCUMENT_EVIDENCE","SOL","Soldadura / Adaptación","235","R3","FIELD_CHECK","","responsable y evidencia. La frecuencia preventiva se fija con el manual del fabricante, la placa del equipo y el historial real de uso del Equipo Identificación Después / antes"
"DOCUMENT_EVIDENCE","SOL","Soldadura / Adaptación","235","R3","FIELD_CHECK","","pérdida de función Responsable del área + bitácora de"
"DOCUMENT_EVIDENCE","SOL","Soldadura / Adaptación","235","R3","FIELD_CHECK","","Responsable del área + bitácora de intervención"
"DOCUMENT_EVIDENCE","SOL","Soldadura / Adaptación","235","R3","FIELD_CHECK","","área + bitácora de intervención Cables, pinzas y"
"DOCUMENT_EVIDENCE","SOL","Soldadura / Adaptación","235","R3","FIELD_CHECK","","área + bitácora de intervención amoladora"
"DOCUMENT_EVIDENCE","SOL","Soldadura / Adaptación","235","R3","FIELD_CHECK","","área + bitácora de intervención consumibles"
"DOCUMENT_EVIDENCE","SOL","Soldadura / Adaptación","235","R3","FIELD_CHECK","","área + bitácora de intervención Identificación visible:"
"DOCUMENT_EVIDENCE","SOL","Soldadura / Adaptación","235","R1","FIELD_CHECK","","área + bitácora de intervención Ventilación/"
"DOCUMENT_EVIDENCE","SOL","Soldadura / Adaptación","235","R3","FIELD_CHECK","","área + bitácora de intervención Pantallas de"
"DOCUMENT_EVIDENCE","SOL","Soldadura / Adaptación","235","R3","FIELD_CHECK","","área + bitácora de intervención Resguardo del"
"DOCUMENT_EVIDENCE","SOL","Soldadura / Adaptación","235","R1","FIELD_CHECK","","consumibles Identificación, cierre, compatibilidad, ventilación, contención y separación de fuentes de ignición definidas por la HDS vigente del producto."
"DOCUMENT_EVIDENCE","SOL","Soldadura / Adaptación","235","R1","FIELD_CHECK","","Identificación, cierre, compatibilidad, ventilación, contención y separación de fuentes de ignición definidas por la HDS vigente del producto. FOTO + HDS"
"DOCUMENT_EVIDENCE","SOL","Soldadura / Adaptación","235","R1","FIELD_CHECK","","definidas por la HDS vigente del producto. FOTO + HDS Piezas en espera Zona definida, identificación visible y condición que no provoque contaminación, daño o confusión de"
"DOCUMENT_EVIDENCE","SOL","Soldadura / Adaptación","235","R1","FIELD_CHECK","","FOTO + HDS Piezas en espera Zona definida, identificación visible y condición que no provoque contaminación, daño o confusión de proyecto."
"CONFLICT_REVIEW","CAR","Carpintería / Embalaje","222","R3","CONFIRM_FIRST","","CARPINTERÍA, CORTE Y EMBALAJE · METODOLOGÍA Método no liberado El área cuenta con requisitos de instalación, equipo y seguridad preparados. La secuencia técnica no se publica como"
"CONFLICT_REVIEW","CAR","Carpintería / Embalaje","222","R3","CONFIRM_FIRST","","Método no liberado El área cuenta con requisitos de instalación, equipo y seguridad preparados. La secuencia técnica no se publica como método definitivo hasta cerrar la evidencia primaria indicada abajo."
"CONFLICT_REVIEW","EXT","EXT","260","R3","BLOCKED","TS-117","RESULTADO: C = Conforme NC = No conforme NA = No aplica (justificar) NV = No verificado TS-117 Peaton-vehiculo □ C □ NC □ NA □ NV Si circulan vehiculos, conflicto con peatones se delimita/senaliza."
"CONFLICT_REVIEW","EXT","EXT","260","R3","BLOCKED","TS-117","TS-117 Peaton-vehiculo □ C □ NC □ NA □ NV Si circulan vehiculos, conflicto con peatones se delimita/senaliza. Evidencia: __________________ Hallazgo/acción: __________________ Resp.: ______ Fecha: ______"
"CONFLICT_REVIEW","EXT","EXT","260","R3","BLOCKED","","Si circulan vehiculos, conflicto con peatones se delimita/senaliza. Evidencia: __________________ Hallazgo/acción: __________________ Resp.: ______ Fecha: ______ LIBRO IV / EXTERIOR, CARGA Y PREPARACIÓN / VERIFICACIÓN"
"CONFLICT_REVIEW","FMR","Formas, Moldes y Réplicas","116","R3","BLOCKED","","molde vacío para comprobar que las piezas asientan en su posición y que la geometría no cambió durante el desmolde. No liberar un molde que no cierre de nuevo, que tenga una sección"
"CONFLICT_REVIEW","FMR","Formas, Moldes y Réplicas","116","R3","BLOCKED","","geometría no cambió durante el desmolde. No liberar un molde que no cierre de nuevo, que tenga una sección deformada o que presente una zona interna que impida el desmolde de la"
"CONFLICT_REVIEW","FMR","Formas, Moldes y Réplicas","116","R3","BLOCKED","","No liberar un molde que no cierre de nuevo, que tenga una sección deformada o que presente una zona interna que impida el desmolde de la No hay consumible adicional confirmado en esta etapa."
"CONFLICT_REVIEW","MON","Montaje","147","R3","BLOCKED","","estructural Continuar secado / no liberar solo por reloj"
"CONFLICT_REVIEW","MON","Montaje","147","R3","BLOCKED","","Continuar secado / no liberar solo por reloj Medir antes de cortar. Si la forma no coincide, corregir o fabricar y volver a presentar la piel; barro y pegamento"
"CONFLICT_REVIEW","MON","Montaje","147","R3","BLOCKED","","no liberar solo por reloj Medir antes de cortar. Si la forma no coincide, corregir o fabricar y volver a presentar la piel; barro y pegamento nunca sustituyen una incompatibilidad de forma."
"CONFLICT_REVIEW","RES","RES","337","R3","BLOCKED","","04 · Contrastar Revisar si existe transcript, receta, registro o corrección más fuerte. Una evidencia nueva no borra un conflicto: lo abre hasta"
"CONFLICT_REVIEW","RES","RES","337","R3","BLOCKED","","Revisar si existe transcript, receta, registro o corrección más fuerte. Una evidencia nueva no borra un conflicto: lo abre hasta resolverlo."
"CONFLICT_REVIEW","RES","RES","337","R3","BLOCKED","","fuerte. Una evidencia nueva no borra un conflicto: lo abre hasta resolverlo. 05 · Proteger privacidad"
"CONFLICT_REVIEW","SOL","Soldadura / Adaptación","236","R1","CONFIRM_FIRST","","SOLDADURA Y ADAPTACIÓN · METODOLOGÍA Método no liberado El área cuenta con requisitos de instalación, equipo y seguridad preparados. La secuencia técnica no se publica como"
"CONFLICT_REVIEW","SOL","Soldadura / Adaptación","236","R3","CONFIRM_FIRST","","Método no liberado El área cuenta con requisitos de instalación, equipo y seguridad preparados. La secuencia técnica no se publica como método definitivo hasta cerrar la evidencia primaria indicada abajo."
